Tumor	0.0963597687	15.1701551946	108.2780614577	0.0000435637	0.7165410875	489.4708313014	0.0117037763	0.0650367366	
Tumor.1	1.4716633024	3.9680966496	329.2582154896	0.0000120520	1.9366339973	103.8675868960	0.0113436217	0.0256068933	
Tumor.2	1.3019078044	0.6429955222	143.7832791070	0.0000508274	1.0496111654	853.1220306067	0.0020882758	0.1589814786	
Tumor.3	1.6382374683	0.7917729214	463.3906438982	0.0000137112	2.6427144206	24.1162207996	0.0429649835	0.0819197547	
Tumor.4	7.0757285010	0.3735484078	241.8806509534	0.0001480035	0.8821289851	10.7930155599	0.1190131550	0.2229433193	
Tumor.5	6.5265019615	0.3187520912	2678.1559820128	0.0000022532	3.3822155031	89.2837379331	0.0192423330	0.0459311348	
Tumor.6	0.5559769959	1.3317744795	54.5367493351	0.0000597665	0.3378823130	50.0584173114	0.1067152923	0.0686640632	
Tumor.7	1.0886306426	0.4584825660	446.5797989800	0.0000233020	1.9975354824	123.3147151506	0.0097431598	0.1242157891	
Tumor.8	4.7238660928	3.1331894970	108.0465201701	0.0000177185	1.7635656838	242.8049338765	0.0133260162	0.0583921780	
Tumor.9	6.8218863759	1.5919684919	89.6565619602	0.0000286147	0.8152617211	81.4618150420	0.0163864702	0.1452385210	
Tumor.10	1.3902637534	1.8420060931	236.9553885458	0.0000180402	3.0610575835	106.7886828428	0.0078706324	0.0686197305	
Tumor.11	1.6316708372	0.5456011135	150.1088546264	0.0000107646	3.3876706894	67.1217206499	0.0174740502	0.0441344083	
Tumor.12	1.4470914346	1.7228813890	226.5024192349	0.0000112431	6.9443004438	69.5941510757	0.0137001414	0.2106974148	
Tumor.13	0.9812174626	0.8837004522	354.9029360300	0.0000132603	1.3224996366	271.6434032876	0.0092984267	0.0807215910	
Tumor.14	0.1938151224	13.6581365492	50.5491692646	0.0000483858	0.7172557017	2609.7283236639	0.0013882414	0.2697114202	
Tumor.15	0.2450969449	1.4332493121	341.6564315249	0.0000084690	4.4803577376	135.4737992333	0.0090936893	0.2279862868	
Tumor.16	0.9466300676	0.7197360593	5056.9598297789	0.0000009451	5.0086493291	35.7309812726	0.0296897168	0.0478601999	
Tumor.17	1.8262959610	0.5525911679	3653.6574535906	0.0000035283	0.8906265970	755.4908812608	0.0051917859	0.0410676701	
Tumor.18	4.0851800121	0.2362067854	375.5821382394	0.0000075954	5.7655635735	125.8782552965	0.0049576072	0.2553622920	
Tumor.19	2.1462915522	0.7886144201	232.5502428348	0.0000280794	2.7946004611	56.0382236048	0.0143694334	0.0678867735	
Tumor.20	2.2214636405	0.6634568085	323.4609162636	0.0000100162	4.0897554463	190.5781249900	0.0031566781	0.1514159517	
Tumor.21	0.1938455316	4.2230817819	248.0033473981	0.0000158756	13.1706704984	96.7479289052	0.0018083609	0.3019468920	
Tumor.22	1.2724016491	3.0052088679	55.5268587079	0.0000661453	1.9991221562	128.1781632470	0.0247982096	0.0598831455	
Normal	2.6247866513	0.1229492770	3530.7333228051	0.0000057802	12.3143709365	167.8382890815	0.0001278600	4.6706885058	
Tumor.23	0.9660117928	1.0534997398	199.4389160659	0.0000208513	1.5257017549	100.4787688730	0.0320584933	0.1081365502	
Normal.1	2.0607058499	1.1589428753	428.3303942817	0.0000127181	2.3719477581	99.1864088909	0.0040396511	0.3392725745	
Tumor.24	0.3318056358	2.3420055944	532.4698750972	0.0000339302	0.5592475437	174.5421533740	0.0067833914	0.0679667929	
Tumor.25	1.2896335889	1.6498244824	138.2604503861	0.0000619371	1.9548108925	703.3204979044	0.0040252756	0.0767644725	
Tumor.26	0.6574909828	1.0309018507	66.4095237381	0.0001286724	2.8948845499	618.3675541088	0.0010653225	0.4360210776	
Tumor.27	0.6506094084	1.8464215444	70.3340965298	0.0001988237	0.8411981247	1489.7805152242	0.0023637694	0.0727114062	
Tumor.28	3.2575021795	0.9443189291	228.5338090603	0.0000169345	2.8294679325	108.7718796515	0.0178528822	0.0759336414	
Normal.2	3.1923925234	1.3580286782	384.0444776404	0.0000150474	4.5846451154	134.1472226878	0.0113289949	0.1361483387	
Tumor.29	3.8322775239	0.0861946351	23.1148349408	0.0002112867	2.0157984256	258.9091827947	0.0063630650	0.3426544193	
Tumor.30	2.2756518006	0.9507764552	995.4480638983	0.0000041880	2.1703590635	63.2757010141	0.0234263349	0.1239496265	
Tumor.31	0.8569127123	2.3113980673	31.8429683246	0.0001117386	2.7804546275	239.6167234837	0.0035600545	0.0743282270	
Tumor.32	2.6964475390	0.8454767528	483.6204006358	0.0000089034	2.6041300711	191.7543719645	0.0045263404	0.0600453392	
Tumor.33	0.7102630520	3.0564900712	78.1101405707	0.0000648592	2.4692443303	321.9200575506	0.0026018351	0.2804165017	
Tumor.34	0.5566661974	1.7123365472	837.1589964994	0.0000033421	1.6104759683	131.5524369446	0.0125395600	0.0420920079	
Tumor.35	2.0175900136	0.7008690826	3685.5170389503	0.0000023125	0.2050102123	343.3383165784	0.0229641525	0.0744312240	
Tumor.36	1.7958910943	0.9454603430	1225.4607587076	0.0000022712	1.4543502058	153.2408440998	0.0065135485	0.8063428777	
Tumor.37	2.3385316274	2.2308116657	70.7370338268	0.0000390942	2.7053391977	80.7834072192	0.0207111616	0.0395260951	
Tumor.38	0.2218953795	16.0147226235	23.9113443889	0.0000842736	1.1508541463	568.8116510966	0.0024445355	0.4864096998	
Tumor.39	0.1439349781	10.3118553084	889.9159788165	0.0000032329	14.0819181159	433.1962012501	0.0001951959	0.8055314760	
Tumor.40	2.1469894723	0.8696500284	3051.3845896496	0.0000026535	1.8535414354	106.3888061672	0.0160924498	0.0655603604	
Tumor.41	1.8576087587	1.1305107381	712.5508760472	0.0000057066	0.6612140644	324.9786442939	0.0086954432	0.2245833426	
Tumor.42	1.9803376306	1.4231728832	145.7466163342	0.0000266591	2.7159077895	199.9805695159	0.0048328923	0.1158511415	
Tumor.43	1.6508372292	0.5759086537	1260.9145546332	0.0000038818	3.8565894893	97.3661368868	0.0071489971	0.1009975988	
Tumor.44	2.9921894106	0.7303875117	745.4557530385	0.0000120839	1.6734137317	148.2570346306	0.0183837043	0.0400193227	
Tumor.45	4.3265087191	0.4731191000	124.7401420998	0.0000110978	4.9508004559	153.5372010146	0.0141844040	0.0252034597	
Tumor.46	2.1658079554	0.7596126747	615.7092777084	0.0000100099	3.3203884686	73.8380778786	0.0071817875	0.0942321915	
Tumor.47	1.0482346353	2.9786237291	290.8806502227	0.0000059367	8.8696537658	562.7297203018	0.0014433128	0.2892846961	
Tumor.48	0.5721606264	1.0969591104	255.6198961838	0.0000188691	3.4185314497	122.6367910221	0.0041089436	0.1075019726	
Tumor.49	1.1754439482	0.6563350196	65.1035466275	0.0000725000	0.6669142750	733.7913180127	0.0080987710	0.1067847870	
Tumor.50	1.6317105619	1.5824650640	295.7359180603	0.0000248602	1.0849789823	20.1275121413	0.1081160140	0.0775444820	
Tumor.51	2.8712636350	0.6662096499	1045.8919684704	0.0000109424	1.1033765276	48.4789518734	0.0048111223	0.2747669340	
Tumor.52	0.4314043183	15.6545440662	4.5996012225	0.0003935747	1.5640932235	966.9448444017	0.0032896065	0.1272364128	
Tumor.53	0.2349962989	6.9125595448	133.7708649141	0.0000090047	6.3829452496	450.1391909062	0.0040121810	0.1575462790	
Tumor.54	5.0634950066	0.5562690988	546.9286067510	0.0000069110	1.7100681911	120.1245599688	0.0134902174	0.0494489729	
Tumor.55	0.3047246382	2.4929223171	129.8249842525	0.0000265993	2.2996193779	267.3122051692	0.0024769534	0.1136492369	
Tumor.56	1.4763346491	1.2331593754	287.1384610690	0.0000173731	2.7239933396	72.3858435226	0.0094971410	0.0247979639	
Tumor.57	0.6347814932	0.8941990967	423.9592315156	0.0000082919	2.3254809251	476.6478850739	0.0044659176	0.2562614435	
Normal.3	3.9074403458	0.5849391054	603.1860792067	0.0000126691	2.1904196442	186.1541468837	0.0031180514	0.3306676906	
Tumor.58	1.2064294080	1.7154101921	55.9800182652	0.0000579415	1.9483702136	187.2832822156	0.0098694067	0.1079309496	
Tumor.59	1.1390242138	2.4909671410	139.5581497785	0.0000297874	0.8668058964	519.1441954397	0.0107275521	0.0408819626	
Tumor.60	3.0969372849	0.6335541260	594.1484755235	0.0000137787	0.3790638413	342.9381476781	0.0175372472	0.0483127273	
Tumor.61	2.5950685928	1.8615980500	172.4912487176	0.0000263782	0.9828858879	90.2950045337	0.0138512273	0.0882690422	
Normal.4	3.4375814094	1.0153420039	1816.7078215799	0.0000027476	3.8847073648	76.8798859707	0.0098637683	0.1405091129	
Tumor.62	10.5206729110	1.1945499920	43.3285029778	0.0000284147	0.8727636258	249.8177419118	0.0153968412	0.0989499903	
Tumor.63	0.9547362561	0.9893845460	46.4168313061	0.0000697450	1.9224244207	727.5885882306	0.0037275143	0.1965860626	
Tumor.64	1.2749573080	2.7683878457	123.6688474752	0.0000270886	1.9959541949	72.8568081785	0.0148400775	0.1393565040	
Tumor.65	0.5595674691	2.3083656108	94.9709654178	0.0000297226	1.2727181971	740.7939322795	0.0024970491	0.0969716285	
Tumor.66	2.9935169389	2.0620839830	203.5201819711	0.0000139563	2.9608926034	188.7305612840	0.0173767436	0.0866925006	
Normal.5	1.8926967037	1.3175245696	1337.7240379213	0.0000026857	8.9691624401	100.6326379545	0.0016024065	0.1848783292	
Tumor.67	8.5484330211	0.7674660819	622.5717239869	0.0000099220	0.7433220479	199.3139091421	0.0192010790	0.1016310388	
Normal.6	1.3405935906	0.2475007962	8794.7534505727	0.0000007828	24.5261658075	67.7674134765	0.0003250594	2.5779417705	
Tumor.68	0.8261900735	0.9153831200	137.0829460622	0.0000631189	2.2372717442	293.1318666095	0.0178220175	0.0744540679	
Normal.7	1.9712002714	1.3579631179	353.9869654058	0.0000114546	4.1911617097	153.7866401683	0.0057897943	0.1702329433	
Tumor.69	0.9749838493	1.2996886544	75.5512400428	0.0000592808	4.0274646151	224.7613679653	0.0021048219	0.1172910711	
Tumor.70	1.5904004255	5.2978898324	278.7209151351	0.0000178007	1.3812687827	309.0265447826	0.0241463902	0.0585911027	
Tumor.71	1.4527821498	0.7395578493	545.9156697577	0.0000144525	1.1771681767	271.8451476974	0.0099838387	0.0366378265	
Tumor.72	1.4188377632	1.1727740899	963.7778948883	0.0000056564	1.6934082552	71.3656416099	0.0150898483	0.0723426711	
Normal.8	1.5324738164	0.7387175484	1367.6113005526	0.0000082413	2.4872671367	101.8008608038	0.0083249013	0.1214421631	
Tumor.73	8.1083987025	1.0264086360	148.5245088657	0.0000221972	1.6462406528	87.5549822297	0.0222936245	0.0487800965	
Tumor.74	4.8109242762	0.4655299894	895.1720078759	0.0000102167	0.7370937232	227.9811948719	0.0126120001	0.0522460882	
Tumor.75	0.5968561627	1.6871533635	448.9505361199	0.0000244569	2.5169989853	60.3138594478	0.0231528013	0.0418011147	
Tumor.76	3.4552130032	0.3266371648	217.3961191948	0.0000337404	5.3713848932	246.6212573531	0.0016731645	0.0928296067	
Tumor.77	0.5341243177	6.6566012139	392.7600626301	0.0000066047	5.3297603792	75.4387538137	0.0076808263	0.1138511679	
Normal.9	4.6054637362	0.7241296219	358.4192827728	0.0000353571	1.8275299943	136.1321441553	0.0077500669	0.1694262479	
Tumor.78	0.6076699693	1.5313896515	298.0077077282	0.0000089257	3.3141929384	460.7210653453	0.0049380105	0.0377699463	
Tumor.79	0.5429312299	2.3706877415	171.3756269926	0.0000099808	4.8831191037	176.9863880365	0.0287425768	0.0928299331	
Tumor.80	0.6928363004	1.9420437743	16.5209190632	0.0001837203	1.3342572303	491.6071991938	0.0040246221	0.3046739880	
Tumor.81	2.3964365796	0.7063172043	1149.5932010702	0.0000031144	1.6789728995	299.0456221889	0.0054371457	0.0397136775	
Tumor.82	8.8746292396	0.7075111103	95.5471850830	0.0000560517	0.8559219563	365.5005785699	0.0051757058	0.1674403377	
Tumor.83	11.0916613689	0.0375828236	597.0536322268	0.0000171958	9.2870043912	89.7372527506	0.0037474712	0.2382434533	
Normal.10	2.8175030536	1.2060759460	383.1371155681	0.0000137740	1.3540631656	261.0625231814	0.0088730212	0.0790238850	
Tumor.84	0.3263603880	1.7211756519	22.4148110426	0.0001928521	1.5796303561	278.0390108330	0.0033425488	0.1251274674	
Tumor.85	2.2786843281	1.1933213207	563.9202094005	0.0000079076	2.8884891044	85.6391862380	0.0092037865	0.0679626090	
Tumor.86	0.5372939066	1.1994221110	26981.6637798688	0.0000003262	8.4657473798	66.3970332175	0.0043243331	0.0182952405	
Normal.11	5.4260800589	1.5024961555	169.5441039785	0.0000339081	4.5302437408	232.4764328251	0.0068903481	0.1469235801	
Tumor.87	0.2177620623	6.7689668235	34.5584937941	0.0000525164	5.3363249030	394.9563612426	0.0112115624	0.2250295815	
Normal.12	2.6128160267	1.5355176709	197.4129596796	0.0000160743	3.7412134013	235.7344021792	0.0049942574	0.1332895641	
Tumor.88	3.4326214329	0.4153559857	64.0821682232	0.0002119380	1.3300655754	410.9296666215	0.0061245230	0.2354308429	
Tumor.89	1.8188696073	1.8448140479	41.0486009195	0.0000560752	4.0275135715	92.1495151256	0.0156860170	0.0661365558	
Normal.13	3.0123575968	0.2394245892	665.7481287406	0.0000134065	7.4883352200	216.4058938287	0.0004837104	1.4909964556	
Tumor.90	2.4922502141	0.2993519754	1038.4559712813	0.0000120826	2.5768427917	59.0504316043	0.0106865928	0.0366672802	
Tumor.91	2.3810493836	0.3828580620	51.6716615195	0.0000775206	3.2262845073	311.3977686777	0.0034400384	0.0780132098	
Tumor.92	2.6481360832	0.4707360970	153.3964129753	0.0000430414	1.8030622208	183.4827659844	0.0058338178	0.0924898885	
Tumor.93	0.9655772995	1.7758517668	269.8057943855	0.0000294797	0.3802214541	218.9910391362	0.0073564446	0.0341453941	
Tumor.94	0.5109875715	1.6783119350	78.2373401766	0.0000588638	3.1012823421	347.3867910356	0.0020198443	0.1670896119	
Tumor.95	0.3208987308	0.6474896182	191.6575825848	0.0000462881	2.3112358128	736.3551245854	0.0010789027	0.2115601945	
Tumor.96	1.0316203969	1.0414106967	1101.1227453220	0.0000021695	2.1537424140	222.8415613572	0.0055598239	0.1424912393	
Tumor.97	1.1112529876	0.8680175629	613.4388758732	0.0000076775	1.8961881495	200.7816430223	0.0071411352	0.0536371609	
Tumor.98	1.8896833518	0.8874142464	989.3533191444	0.0000089093	2.0682893257	29.8717579490	0.0349239753	0.0905034815	
Tumor.99	0.2301057304	6.4122517688	197.6702398068	0.0000056559	10.7297386090	793.3501630302	0.0031865816	0.0263262178	
Tumor.100	1.7580265581	0.7418479895	1712.9589661566	0.0000052322	2.4617701292	79.8541383228	0.0100729413	0.1409875620	
Tumor.101	0.2599659096	1.4476937372	1670.7583627949	0.0000011601	6.7642953889	37.0319169928	0.0132283978	0.0911856545	
Tumor.102	2.2581085088	1.0006957591	593.3795232977	0.0000109267	1.0731202450	230.2899362401	0.0078293354	0.0889913017	
Tumor.103	1.7629123525	2.8113043301	53.4359705223	0.0000738491	1.6945510043	368.1238638420	0.0135719924	0.0946439413	
Tumor.104	0.4696784232	7.2318925552	455.8919918084	0.0000215552	0.4281730741	442.4268705228	0.0092375822	0.1139845016	
Normal.14	0.8867246671	0.8236059515	740.0451421088	0.0000158341	1.5646008174	108.2814663678	0.0114047358	0.1713374550	
Tumor.105	1.3169416625	2.1655272306	24.7773703081	0.0004547841	2.1754932897	228.8082712617	0.0065695953	0.1192702083	
Tumor.106	0.9938649596	0.9819220670	124.7538440234	0.0000190069	1.9709359281	72.7613484884	0.0148348069	0.0714009133	
Normal.15	3.3684092433	1.4208371342	261.5417674744	0.0000178857	2.8622487732	227.1161205971	0.0045774774	0.1065236778	
Tumor.107	8.2685366947	0.1499327286	218.8266575902	0.0000827833	1.4022801245	181.6442797919	0.0071919614	0.3679432606	
Tumor.108	0.6535188987	1.1686596516	33.3516909719	0.0000917768	4.0376502421	72.9501268416	0.0127711304	0.1557047314	
Tumor.109	0.1260115077	8.2669994244	4.5807825366	0.0002567858	2.0823304435	264.1288138135	0.0150698458	0.1265365458	
Tumor.110	0.3647825787	1.1163662763	1711.8190574250	0.0000041664	1.8245893120	217.3885841419	0.0076650498	0.0740455110	
Tumor.111	1.7110498111	0.5703934021	1138.0099804725	0.0000083630	1.7854129706	152.8197751964	0.0078214658	0.0508992270	
Tumor.112	0.4707970457	2.6917114497	123.2342297113	0.0000303977	2.4927479859	428.0456112016	0.0035126176	0.0588261165	
Tumor.113	1.4529970463	0.4779189447	262.4087782327	0.0000231675	3.5258982289	381.9659004354	0.0057133991	0.1779136668	
Tumor.114	1.9750511542	0.8236317177	117.4663794509	0.0001097340	1.3100571102	245.3896936778	0.0066714557	0.2654754260	
Tumor.115	1.0379775699	1.1856298285	95.5017840111	0.0000766080	1.4354229737	66.7578591021	0.0120363326	0.1035075421	
Tumor.116	1.1885043590	3.1433100863	42.2877282214	0.0000296764	2.5168704024	2441.2298005734	0.0005616011	0.1059194964	
Tumor.117	2.8982947313	1.1509967551	114.6080121085	0.0000840733	0.4089195160	418.7232375354	0.0157771289	0.0650802075	
Tumor.118	1.1755766677	1.2900397453	603.6926450614	0.0000024192	3.2457613339	227.7959070692	0.0060344689	0.0603908522	
Tumor.119	1.1668633721	1.1348480822	148.0714303394	0.0000240874	2.7119811196	924.7739158081	0.0004628129	0.1440274882	
Tumor.120	1.5468313980	0.5383345971	5455.7862716408	0.0000007121	3.1595518853	24.0152403628	0.0353112119	0.0364799029	
Tumor.121	6.1432680535	0.9797597498	1241.5971985183	0.0000024458	1.7209631059	77.5330385768	0.0407477972	0.0304612995	
Tumor.122	0.3870548020	1.3085851397	413.0313108012	0.0000031115	6.5437497348	828.9528584246	0.0004886137	0.7403882266	
Tumor.123	1.6933008612	1.1292241332	2722.3473362019	0.0000024753	0.8216322569	165.6408864402	0.0099410904	0.1269100025	
Tumor.124	0.8978966925	1.7115066905	133.0131940917	0.0000309554	1.6844012339	101.5765731399	0.0180942380	0.0501168435	
Normal.16	2.0608270525	1.7448145501	217.9285974557	0.0000109752	3.7894298969	251.1620567452	0.0040383604	0.1967003291	
Normal.17	2.9733915485	0.4015161597	903.0431741422	0.0000201800	2.7634315043	326.1411014363	0.0051574776	0.0879878504	
Tumor.125	2.6441229177	1.4832059631	107.8053276855	0.0000616011	2.4940145287	35.8380455212	0.0267416851	0.3423882504	
Tumor.126	1.9660769129	0.8036518272	35.0548848647	0.0001267603	1.5058299910	396.3015816535	0.0029174446	0.2578707487	
Tumor.127	5.7447862501	1.1297008163	607.2354691691	0.0000055877	1.3625291469	68.1766333807	0.0396028500	0.0749770534	
Tumor.128	2.7895174049	1.1611959054	3141.4863478124	0.0000015423	1.5715951831	262.9987989238	0.0147111705	0.0174850544	
Tumor.129	3.7593610115	0.7701750167	3730.1567013609	0.0000005305	0.7185371388	2543.8616817576	0.0028874357	0.0400577897	
Tumor.130	0.9261361351	0.7315531529	3082.8424316086	0.0000016878	1.9700383683	6.7975724114	0.0392966019	0.4361226422	
Tumor.131	0.4082775852	1.3365869071	265.9472541493	0.0000066704	3.3971998950	245.6658344940	0.0050127037	0.1020327994	
Tumor.132	1.5685573702	0.5964325825	3780.9524740280	0.0000033784	1.3985021884	3.9969519887	0.1726027550	0.0806028897	
Tumor.133	2.7307713887	1.3584329073	205.3609527615	0.0000258272	2.8887922743	236.2897269629	0.0127469375	0.0471634356	
Tumor.134	0.3596702222	1.4138164271	622.6432140191	0.0000105185	0.7446591570	362.9539558046	0.0063351544	0.0648199593	
Tumor.135	8.4401613109	0.4505053754	70.3484447738	0.0000890089	1.8752504192	123.4332242418	0.0088151463	0.3764841754	
Tumor.136	6.7606242613	0.5423636262	351.5174081123	0.0000113661	2.4282361901	133.5896075464	0.0115192071	0.0738765995	
Tumor.137	0.4200800533	3.2604090749	2683.3490722551	0.0000007477	13.2984079881	40.1127662880	0.0054275834	0.0886891238	
Tumor.138	0.2039832915	2.0099547438	3018.1278433938	0.0000021746	3.2678037593	922.8478509136	0.0013286493	0.3222469637	
Tumor.139	1.6476629278	2.1579227737	74.5535282692	0.0000376657	1.2624766410	387.4706703738	0.0052668191	0.0556139848	
Tumor.140	1.3231686586	2.3196718324	247.0626223650	0.0000084289	2.9503227481	28.4605488290	0.0288176092	0.0393345391	
Tumor.141	0.9607825916	0.9854449479	257.2641438048	0.0000127345	1.1494847860	19.2012642461	0.1021743718	0.0529921448	
Tumor.142	0.8671865793	0.7472287213	205.0463671411	0.0000332701	2.1965787454	274.4674196382	0.0034345130	0.3013955655	
Tumor.143	1.4140383143	4.2640576752	105.5708471589	0.0000349514	3.7287084968	308.3804972109	0.0066977056	0.0861185067	
Tumor.144	0.7555885097	1.8347355240	124.9894858428	0.0000178720	3.2529281739	217.8454135982	0.0040227887	0.1579061473	
Tumor.145	0.9896745716	1.8708271434	561.2345752950	0.0000030568	3.4456715546	392.3785496298	0.0069124489	0.1427621061	
Tumor.146	1.9761221135	0.5045005484	2078.9935134539	0.0000038554	1.3098125951	65.6667535523	0.0238937422	0.0212273366	
Tumor.147	1.8122701069	1.3610752011	267.9974388429	0.0000473485	1.4264763303	370.3166178962	0.0039834206	0.1582942934	
Tumor.148	1.0572077962	1.2770523986	121.7783652801	0.0000378211	2.4177102969	395.3690519427	0.0031243454	0.1384821476	
Tumor.149	0.2149099362	3.4212323166	624.7051807255	0.0000040615	8.6922420426	352.3379933702	0.0026642187	0.3316425274	
Tumor.150	1.1253571515	0.8787562019	2823.6788369071	0.0000017860	2.5635149108	27.1472398371	0.0224243031	0.1597183080	
Tumor.151	3.5613245412	0.2278495770	4400.7059765158	0.0000017660	14.3506325507	229.7620842158	0.0004761583	1.2835939677	
Tumor.152	1.0718433084	2.9928424102	167.8341361577	0.0000219711	1.4381690216	236.4646993342	0.0108067345	0.0396004914	
Tumor.153	1.3652067007	0.5219689000	347.0595311648	0.0000126308	0.9258683848	124.9049020877	0.0453657758	0.0762967018	
Tumor.154	1.0812896329	1.2276810749	201.9867199658	0.0000339863	1.1460714413	1111.8536634710	0.0017029050	0.0823527472	
Tumor.155	0.3431001238	1.1768267619	2757.3510859663	0.0000021247	1.4741235583	365.6050253615	0.0034295577	0.2213139696	
Tumor.156	0.9868526514	1.9032633955	134.9672046704	0.0000215883	4.3698690199	526.5920618182	0.0023112805	0.3582260257	
Tumor.157	0.9418263518	4.7305752155	136.1797290208	0.0000150458	2.5602625559	360.3772954199	0.0014272231	0.2401274156	
Tumor.158	6.0949671020	0.7866178478	6870.0928839944	0.0000015742	1.1812273469	21.6543273310	0.0934444711	0.0592600966	
Tumor.159	0.4525251737	1.7807155270	1028.7476988210	0.0000024705	2.9569144102	366.4277823221	0.0016784120	0.2209547814	
Tumor.160	0.1700291136	1.3715568407	8.7742740217	0.0000727231	0.3066811502	886.8783349511	0.0188719062	0.0290564441	
Tumor.161	1.9370101140	1.0054387665	1829.6372257779	0.0000035205	1.7557730282	142.5711561327	0.0104313218	0.0663652940	
Tumor.162	1.4516653478	0.9707933966	219.6254012035	0.0000218249	3.8903187894	147.6204208127	0.0073439525	0.0793771975	
Tumor.163	2.0671342175	0.7127640168	1329.9876164407	0.0000021550	2.4606019510	78.7770954280	0.0130168080	0.1517733152	
Tumor.164	3.8384327424	0.3061462662	37.8226024750	0.0001823311	0.8720772713	149.3718617813	0.0159056852	0.2807295532	
Tumor.165	2.6278040435	0.9029242935	1078.2712257221	0.0000060980	1.8928428767	118.0010901105	0.0102643962	0.0708811459	
Tumor.166	1.3492748700	0.6043900614	236.0047348721	0.0000251442	0.3081623364	699.2501839865	0.0045016551	0.3312969447	
Tumor.167	3.6940574356	0.9531982136	108.3655052948	0.0000332921	2.2268945061	190.0604385626	0.0116257755	0.0577013867	
Tumor.168	0.8990920127	3.5430888942	6016.1379229039	0.0000002330	3.2606250983	769.6715358875	0.0034556254	0.1395886999	
Tumor.169	1.6983532667	1.4242108357	846.5155930463	0.0000053013	1.1925955201	312.2675360509	0.0059502274	0.0823446140	
Tumor.170	4.4197193005	0.7216248404	189.3756467979	0.0000260612	2.1740654926	258.7838556062	0.0062045315	0.0710455425	
Tumor.171	0.9676503418	0.3440418791	3849.9697179454	0.0000014753	3.9053479824	159.4332425448	0.0060841699	0.2281763458	
Tumor.172	1.8432513536	0.2556137590	164.6973275596	0.0000220283	1.6125806867	466.2664154577	0.0013221399	0.1262883776	
Tumor.173	1.1494088182	0.7545723699	2661.9367234605	0.0000003774	6.3890431958	273.1167754878	0.0034671876	0.0849362904	
Tumor.174	1.2468966265	0.8423011767	2344.6493839882	0.0000059697	2.0304047953	962.6369383667	0.0013204518	0.1506178861	
Tumor.175	1.0776317915	3.1085238824	88.4202865613	0.0000178718	1.7275940965	668.3191376406	0.0033490861	0.0794893620	
Tumor.176	2.5424147306	0.7263124123	1174.2039504112	0.0000074266	1.8661937569	52.0391207826	0.0199737428	0.1035377378	
Tumor.177	2.1518787486	0.9509106308	212.2115610984	0.0000219145	4.6152342919	61.5539858629	0.0411060028	0.0345761515	
Tumor.178	1.1077274590	1.3580598073	41.9527230739	0.0000621365	2.4181524725	70.0473765397	0.0137490153	0.1722074513	
Tumor.179	3.1177626187	1.0873559052	1198.6618956634	0.0000044523	1.2752687677	317.7442767168	0.0067659961	0.0709784718	
Tumor.180	0.7447234611	0.5005449029	151.9789126021	0.0000548182	5.2445862628	169.6929597448	0.0015921380	0.1569621104	
Tumor.181	0.3855222702	3.3079683615	187.9820297234	0.0000525181	1.3397358224	365.4575527529	0.0023245541	0.1559989022	
Tumor.182	9.8642052765	0.3005451017	415.8930640056	0.0000121856	2.7543261371	104.4685525940	0.0507081641	0.0460195519	
Tumor.183	2.6878794155	0.3458072876	836.5795485967	0.0000112753	2.1115417426	177.3030528040	0.0039936703	0.0492923730	
Tumor.184	3.1675424336	0.8183282833	6064.9680811102	0.0000011844	1.5101309552	227.2434113891	0.0051981368	0.0602054762	
Tumor.185	2.4771108763	3.6098964971	71.6601655931	0.0000359425	2.4588309847	3128.7135445665	0.0005722854	0.2524446854	
Tumor.186	2.3907585112	3.0193811010	64.6463097416	0.0000346979	4.1554572451	193.4988056925	0.0076776005	0.0682818662	
Tumor.187	2.3527406763	1.2336034500	1325.2773412429	0.0000029923	0.4264532965	979.2465613739	0.0109991746	0.0313704103	
Tumor.188	0.1345335257	3.7764306084	6654.2631317571	0.0000003978	0.5906236750	2131.1503455600	0.0022904732	0.2790817576	
Tumor.189	2.2689210937	1.1366049537	443.6444137705	0.0000102131	1.8603061011	46.4349066525	0.0183105964	0.1129427466	
Tumor.190	3.1193422264	0.3269573378	3619.2753620319	0.0000029486	1.7252731217	6.5678901258	0.1500762500	0.0816486147	
Tumor.191	2.4655766858	1.0299392225	73.4575825029	0.0000716940	1.5280782212	438.9392008351	0.0057312981	0.1080449923	
Tumor.192	1.6049714829	1.4982394477	535.9032052021	0.0000104610	1.0432320753	113.0058475804	0.0200495854	0.0656765864	
Tumor.193	0.6018400493	0.6341605481	416.2064457425	0.0000138263	4.6163040939	320.7790765332	0.0029001834	0.1642009495	
Tumor.194	3.8283145714	0.7428741744	960.7031884498	0.0000059088	1.6985991267	55.8913772268	0.0248726901	0.0923887268	
Tumor.195	0.2665188873	4.7913982826	809.5900440756	0.0000018251	27.7574662862	84.9223365303	0.0035025893	0.0636969248	
Tumor.196	0.9910539238	1.3224875902	156.6526782944	0.0000389443	2.9197513771	9.6946984016	0.0997734967	0.1044097369	
Tumor.197	1.5235966719	1.6013469266	112.1181539918	0.0000446584	2.5523315101	143.2039284097	0.0198312081	0.0716653674	
Tumor.198	5.1002718426	1.7058651328	148.3428928967	0.0000132582	6.8492957049	66.7791244564	0.0320848990	0.0658884316	
Tumor.199	1.1978884736	0.6659233374	637.0251244168	0.0000056538	2.0516460987	374.0979138273	0.0011072285	0.1463340695	
Normal.18	5.9295486103	0.4337093553	363.3559221321	0.0000194491	6.3359765139	78.4712535099	0.0016300072	0.9651280756	
Tumor.200	0.4849744572	0.7032004376	4162.5984510186	0.0000009114	13.5076794732	57.4168273759	0.0023040674	0.1726569967	
Tumor.201	3.3234678636	0.6109154787	726.2991099644	0.0000037467	2.4191223421	126.4902237327	0.0163001769	0.0590320453	
Tumor.202	2.6530437600	0.5120730585	6134.4662201829	0.0000009620	2.7607288989	15.4850884169	0.0609347794	0.0386168435	
Tumor.203	0.2550525820	1.4374916917	115.1270767275	0.0000919138	1.9513555838	537.0839991347	0.0010461600	0.1877683190	
Tumor.204	3.4809615348	3.1857925946	30.1367552115	0.0000520337	3.1501575147	129.5144648952	0.0097632136	0.0350856672	
Tumor.205	2.4273913630	1.0454667731	170.6656150263	0.0000220649	1.7903815835	183.1725014355	0.0047061733	0.0636589671	
Tumor.206	1.8720167722	0.7094423663	158.1821641512	0.0000542704	2.3999897367	163.9439911187	0.0091919222	0.1166235929	
Tumor.207	0.6911177904	1.0210205593	874.4560224215	0.0000053853	3.4833181599	134.5336220682	0.0087153905	0.1121831944	
Normal.19	3.2437159158	0.8731762643	285.4289818674	0.0000161425	4.0467013172	205.4547374446	0.0040547824	0.2395728219	
Tumor.208	1.4794351996	1.5143487899	415.4960568685	0.0000063814	11.0400753699	84.9685186515	0.0053653396	0.2725193353	
Tumor.209	0.9978523465	0.8558463291	402.0641266410	0.0000257778	1.0631386853	388.6744785348	0.0056710404	0.0493477436	
Tumor.210	0.5939376283	4.8161961895	203.1514956299	0.0000179096	1.6149108884	362.1839076753	0.0092050020	0.0634488615	
Tumor.211	1.1209066533	4.1540831528	26.8006530609	0.0000732727	3.1039754220	62.7079448353	0.0110611260	0.1080883170	
Tumor.212	10.3661482581	0.7069244456	122.5497498821	0.0000285968	1.3747230620	474.2455531550	0.0050518874	0.0533175179	
Tumor.213	0.7330035787	1.6299443153	2357.9680707892	0.0000035524	2.4856984684	410.5770838739	0.0081467150	0.0562349686	
Tumor.214	2.5797645283	0.8852093390	330.4801807118	0.0000163813	4.9535189003	357.0524749911	0.0103343410	0.0450997840	
Tumor.215	3.0863385771	0.5046794758	118.4986172819	0.0000582343	3.9742661643	7.3248622161	0.0296989435	0.0779823170	
Tumor.216	2.0937211530	0.3426760761	2238.3789807454	0.0000069450	3.9894992748	64.9238087617	0.0055013657	0.1304810671	
Tumor.217	0.6160475143	0.2375978871	520.8538926883	0.0000463923	5.1812670763	116.4832802499	0.0085882086	0.0891896989	
Tumor.218	1.3320404780	1.3048873242	70.2718168583	0.0000559398	4.2050542034	147.7682923068	0.0150754223	0.2489293229	
Tumor.219	1.3641687776	1.3191905119	247.7690965330	0.0000140009	7.3458733243	199.1899696458	0.0077383741	0.0464664450	
Tumor.220	0.1697721407	4.1173783715	225.0127408218	0.0000076056	1.2195034357	2960.2174606432	0.0019126286	0.0897358328	
Tumor.221	1.4714607293	0.6899934501	438.8168332856	0.0000112903	3.1935735259	19.6061017444	0.0599493327	0.0646023550	
Tumor.222	0.5345509332	2.3968025579	308.0291438305	0.0000048784	3.7866573543	53.2303056655	0.0268387811	0.0523726613	
Tumor.223	1.7083199156	1.4013662194	214.4497413255	0.0000320541	1.1463683812	740.0141720223	0.0011920778	0.2144206406	
Tumor.224	2.3311053084	1.3155232099	97.5523829862	0.0001034556	0.6126995734	344.2440223249	0.0049929499	0.0439296985	
Tumor.225	0.0884350636	7.9892826242	204.9550778967	0.0000239614	1.7367782919	15.5001897006	0.0175530526	0.8382344449	
Tumor.226	0.9702219725	1.6553433321	34.9104191533	0.0000982912	4.9989175631	60.7269000148	0.0064561520	0.1007519218	
Tumor.227	0.6613941292	1.7735761232	140.3216853724	0.0000148052	9.7667495578	113.8599282053	0.0046046138	0.1148274131	
Tumor.228	3.8534379031	0.7778942408	311.8924490394	0.0000137481	0.7191008111	148.8522281373	0.0152444517	0.0653526097	
Tumor.229	0.3647664953	0.9352252337	296.6675577290	0.0000247435	2.9508925722	180.4471291714	0.0027882801	0.2670939093	
Tumor.230	0.5158533522	1.4192629269	86.1002406068	0.0000819884	1.1039267513	275.5254381669	0.0035446357	0.1795225222	
Tumor.231	79.8661958327	0.5999903585	88.8848646513	0.0000779254	0.7625709414	53.4818494018	0.0626683931	0.0745554750	
Tumor.232	2.5586196938	1.3955753904	1444.9964716372	0.0000019005	3.8196590972	26.8722091670	0.0243624968	0.0493121412	
Tumor.233	5.5087400400	0.3622642463	4367.4273831295	0.0000020356	2.1096204430	15.3441542693	0.0719003218	0.0497831011	
Tumor.234	0.4703594286	4.0164125678	2946.4133427688	0.0000147974	0.3658056877	39.6673211077	0.0072791759	0.2756934064	
Tumor.235	0.4332365745	4.3038101398	44.4940604628	0.0000663955	1.3957299662	759.9216161660	0.0041117834	0.1349310643	
Tumor.236	0.3294175942	1.1060016971	74.0236984872	0.0000768311	0.9135070863	686.9271696691	0.0142603082	0.0609610038	
Tumor.237	2.5959608012	0.8776839489	335.6408648255	0.0000081167	1.1876867469	30.4068887151	0.0821477835	0.0610297742	
Tumor.238	0.7080888836	0.8341818762	158.3764566153	0.0000661375	0.2919708157	215.5575164915	0.0247675286	0.0730242246	
Tumor.239	0.6245031534	1.1244604930	2706.8888946903	0.0000022869	3.3742589885	43.2018991232	0.0173797581	0.0944127691	
Tumor.240	0.1660842276	3.6302318026	257.7135258737	0.0000057885	7.0368753980	485.8071281398	0.0019204182	0.1667063543	
Tumor.241	0.6073369000	7.2322182751	49.1723760527	0.0000647945	3.4056672870	467.1153204105	0.0027930902	0.2362189117	
Tumor.242	0.7365415562	1.8013058682	627.1276823893	0.0000039688	4.1264528900	580.7578086608	0.0013897920	0.4582416542	
Tumor.243	1.3067972837	2.6583339941	167.4753085184	0.0000129196	2.7032752608	171.4587453380	0.0083642843	0.1849471394	
Tumor.244	0.5881553671	1.8254492654	231.0881357018	0.0000203871	1.4745158736	303.4780369779	0.0017753258	0.2637467480	
Tumor.245	1.2460025993	6.2757982027	98.2474873025	0.0000668204	0.7484642563	53.7122314677	0.0227155631	0.0909204237	
Tumor.246	1.3008330241	2.1966124091	105.1639145904	0.0000386528	1.3740624326	255.2063093532	0.0064277795	0.0840933011	
Tumor.247	0.8021731021	2.8524136275	146.1142580642	0.0000137302	4.2998376630	355.9051293857	0.0063840713	0.2169108921	
Tumor.248	0.5031374945	1.4157501267	146.7178555827	0.0001929311	0.1875490157	1000.4551548974	0.0016138342	0.5756735212	
Tumor.249	2.0289166994	2.8740746661	229.9970896456	0.0000216854	1.5756831901	124.1838893732	0.0112992317	0.0490051644	
Tumor.250	0.9137935903	1.6563644327	190.9090259714	0.0000181070	2.0642606109	465.0700031996	0.0037984298	0.0695334025	
Tumor.251	3.4168126616	0.5508720761	1400.3900721293	0.0000048949	0.8257758869	29.8350344254	0.0834914659	0.1047950603	
Tumor.252	5.8717217262	0.6355944057	570.8311278382	0.0000089524	1.3712868249	99.2149011882	0.0291812006	0.0153249358	
Tumor.253	1.1194520107	1.4569920184	324.8551145096	0.0000749737	0.0793967564	1360.5349372525	0.0032617564	0.1660246199	
Normal.20	3.7433728753	0.7603476917	307.7193565291	0.0000149101	2.8164281151	23.8765525011	0.0423233340	0.2189483376	
Tumor.254	0.2443144767	2.4878447712	2693.8086459448	0.0000047384	2.5252566992	185.2878320022	0.0012312090	0.1620567246	
Tumor.255	0.6909165003	1.6692668189	8725.7595918250	0.0000004588	2.2993206566	9.7688973702	0.0850281607	0.0937531323	
Tumor.256	2.8330820291	0.6739465787	205.3429158056	0.0000300992	2.1648037785	154.4659520629	0.0076303768	0.4891884195	
Tumor.257	3.8605956339	0.2603082009	1104.2532355164	0.0000098838	1.0307188954	117.6255550291	0.0172527961	0.0415801130	
Tumor.258	0.8203562584	0.5642110395	375.9176521433	0.0000210329	1.9832287312	356.0802382606	0.0026952088	0.1146493017	
Tumor.259	1.0837674550	3.8438951068	44.9724393878	0.0000361830	3.0358758839	70.1875843702	0.0280047090	0.1117655609	
Tumor.260	0.1657712866	8.8256476583	72.9517122561	0.0000652956	4.8738374717	134.1880638012	0.0015835347	0.2244417308	
Tumor.261	2.3147701311	0.4828133481	398.1611142476	0.0000216193	1.2107005312	471.7756790661	0.0118839381	0.0222902136	
Tumor.262	0.9144537130	3.7335494032	96.4200834798	0.0000174286	2.1111679153	206.5112015106	0.0084005751	0.0464320881	
Tumor.263	1.0925913015	2.1804573311	1009.8085005470	0.0000043692	3.1834894363	29.9373779768	0.0431134759	0.0603015420	
Tumor.264	1.8337975514	1.4754685990	69.8140980384	0.0000242395	6.4834773212	196.3765150018	0.0017215777	0.1567432605	
Tumor.265	2.4868368547	0.9317776575	282.6970741601	0.0000274825	0.8029716338	148.2919848849	0.0117762137	0.1193198791	
Tumor.266	0.6435725716	2.6280795855	1329.5758850407	0.0000029239	1.0329753079	777.0292488021	0.0025551266	0.0797853708	
Tumor.267	1.0666519945	1.0615399541	900.8145353362	0.0000099550	1.0431804628	109.7579752965	0.0100390618	0.7090300546	
Tumor.268	0.7118554021	2.5496644308	68.1424085152	0.0000646842	1.7900323514	402.5853828407	0.0022797611	0.3524858850	
Tumor.269	0.7528757220	0.7530202105	23.8003786262	0.0008822636	0.5399953833	1079.7593394865	0.0013182843	0.3452735379	
Tumor.270	3.9582991933	0.4977866962	4026.7319922716	0.0000024135	1.9178739071	62.8750714223	0.0183408083	0.1966776048	
Tumor.271	2.4235682172	1.1809133245	68.1974654123	0.0000376324	6.1824029553	30.0434384702	0.0232334981	0.1157757816	
Tumor.272	1.7240838637	1.2612795600	179.9045610076	0.0000326506	1.5667405623	338.9616417511	0.0054440118	0.1716666278	
Tumor.273	1.6302270250	0.5206458326	515.6565644670	0.0000100719	0.9737537377	252.2862895633	0.0077799982	0.1946097610	
Tumor.274	2.4111442306	0.9135363091	2113.6434728706	0.0000029136	1.2889939822	43.8879132101	0.0490886657	0.0607015221	
Normal.21	1.4404153895	1.2402094087	161.8659156936	0.0000735521	0.8760840582	286.8982695205	0.0084056250	0.1138694266	
Tumor.275	3.3054122969	2.5652087173	219.2600267093	0.0000216597	2.3842926666	162.9822429647	0.0084004362	0.0709739942	
Tumor.276	1.1215891199	0.8327057239	292.2078962225	0.0000306291	0.9311355255	140.7652630484	0.0064071180	0.0561928513	
Tumor.277	0.4170875273	0.7605111619	50.4813794435	0.0000039690	66.0966651783	356.6003674067	0.0026969337	0.1229899512	
Tumor.278	1.8847054280	2.3665554855	87.9505318880	0.0000039524	6.0313392586	375.7448522877	0.0139559780	0.3254364817	
Tumor.279	0.5129194336	1.0944970939	6587.9592134456	0.0000003183	19.1697821979	244.1780244570	0.0033864813	0.1378627664	
Normal.22	2.6723379657	0.7045090590	753.2613369579	0.0000104395	3.1900215598	114.4040589966	0.0069776043	0.2198858449	
Tumor.280	0.3038036987	5.8081633587	382.1244678373	0.0000036165	6.6133079105	462.6515208635	0.0025843679	0.2203203034	
Tumor.281	0.0745158897	3.7898984419	829.2723699166	0.0000094000	14.0203829580	86.3358277307	0.0077556030	0.0404765639	
Tumor.282	0.4502814964	2.7340507067	1586.5552749147	0.0000015813	4.9139592210	36.4190219334	0.0114925362	0.1005543512	
Tumor.283	1.1760975453	1.1162308601	747.0179785881	0.0000101506	1.7172366177	95.9232220027	0.0136929391	0.0660859522	
Tumor.284	3.4019014256	0.8498069598	507.6225819550	0.0000344680	1.4761354351	84.2289827772	0.0126571809	0.3638001459	
Tumor.285	0.3420568643	1.6999108601	142.1131726641	0.0000114932	3.4740773354	319.1929369614	0.0040605544	0.2132759826	
Tumor.286	2.3694045383	3.6983280803	54.4831932941	0.0000423323	3.0806168409	75.9143946656	0.0186659555	0.1156141840	
Normal.23	2.0702103681	0.4217447024	2432.5560747755	0.0000034128	11.9745554931	421.0067371053	0.0001250679	2.0783723877	
Tumor.287	2.2984216386	1.7349051469	449.9825104744	0.0000096503	3.3961475442	196.1979343417	0.0063979415	0.1676004324	
Tumor.288	1.9225996111	2.7473335641	247.8845481454	0.0000078364	3.8753432503	349.1152754352	0.0029383397	0.1526694019	
Tumor.289	1.2113815509	0.9861324976	373.3461825347	0.0000186314	1.7602306643	105.6933690492	0.0163067989	0.0845183680	
Tumor.290	0.7829362439	1.2094713272	128.6385642884	0.0000213127	2.5503555090	374.3247066812	0.0036295111	0.0657871490	
Tumor.291	1.0817563020	1.3704594659	132.4693248161	0.0000100309	10.4518495022	202.0402316946	0.0197243747	0.1397787096	
Tumor.292	2.1669185679	0.8030726688	283.6158106568	0.0000099904	3.2100415167	24.6613844882	0.0320709624	0.0722253475	
Tumor.293	0.4340269776	2.0209266927	162.6132848513	0.0000157951	3.5187178490	52.6591137697	0.0082028041	0.0699092833	
Tumor.294	0.5731609517	0.9092182351	59.8721523699	0.0000279739	0.6628796174	923.0827286213	0.0053370174	0.0518680149	
Tumor.295	1.0922359530	1.7177418465	185.0113590962	0.0000175031	3.5098094842	81.0965721758	0.0114062803	0.0436137210	
Normal.24	1.6782769876	0.4853988252	998.3413508629	0.0000063454	7.9418175227	275.8604606264	0.0002394345	2.2673363371	
Tumor.296	1.1667718934	0.9592933299	49.5361108844	0.0001427570	4.1841108346	110.0701701764	0.0153705468	0.0701599652	
Normal.25	3.7572717095	0.2361264531	2050.7130329404	0.0000101401	1.2857295242	365.1994128739	0.0110559623	0.0506333284	
Tumor.297	3.8306650728	0.2169380156	749.6790976775	0.0000149687	2.6803017328	166.4425098186	0.0034651448	0.2395425808	
Tumor.298	3.1454482812	1.3934447730	33.6688699391	0.0000404801	6.0257006272	473.0932347952	0.0093347116	0.0472097082	
Tumor.299	2.1626632899	1.5196501484	152.0754576439	0.0000244143	2.4466962251	170.7078715945	0.0075881700	0.1354386779	
Tumor.300	1.0904313509	0.4867080537	92.7072749207	0.0000827664	1.9535198270	235.3073098921	0.0038562955	0.1304202414	
Tumor.301	0.8002361106	0.4385335856	175.2280445539	0.0003276844	0.3427500351	225.1592037425	0.0044571507	0.3946434415	
Tumor.302	3.7639280686	1.4837909709	254.6234929034	0.0000202799	2.4387890826	30.2689102568	0.0352828954	0.0502360209	
Tumor.303	1.7328124605	1.4582219863	353.3405103081	0.0000155518	2.1446157242	212.9291102505	0.0042339629	0.1064915063	
Tumor.304	3.1392556811	0.5850629509	497.5749610518	0.0000184403	1.9123914452	77.0576130631	0.0206572518	0.0915267715	
Tumor.305	1.4515863826	0.9039070270	163.6834116109	0.0000529264	1.6734723960	288.2766684372	0.0027596120	0.3283180350	
Tumor.306	2.6296658250	0.7937604197	214.4838204213	0.0000256774	1.5065361462	270.0951260278	0.0074643948	0.0672190855	
Tumor.307	2.2378692086	0.5851863282	1572.1557575012	0.0000025535	2.1708764027	35.8603548442	0.0306562156	0.1345049216	
Tumor.308	1.0761169885	0.9106750504	376.0565297486	0.0000093490	1.9320720108	63.3864926111	0.0360323506	0.0716515443	
Tumor.309	0.9213019928	1.3665305735	1721.4567391543	0.0000019204	3.8032360466	47.2289371055	0.0044758023	0.0909060348	
Tumor.310	1.2809432350	0.7092915757	996.7725769985	0.0000044486	2.3288876872	132.3128412861	0.0068852407	0.1940626753	
Tumor.311	4.3053090468	0.7547993189	174.2323964599	0.0000131057	5.2019076428	200.5842976300	0.0051033291	0.1199268076	
Tumor.312	4.1269162573	1.1948150798	777.6397702856	0.0000051873	1.9571783448	207.0737827037	0.0055011410	0.2324507320	
Tumor.313	0.4903833161	0.6105466179	1951.4531581770	0.0000024278	6.0314225826	176.2128133774	0.0040089893	0.0913591365	
Tumor.314	0.4301618829	2.6791407908	21684.6868819306	0.0000032485	0.5227849090	259.0973557975	0.0004355827	0.4610948953	
Tumor.315	1.1067626347	2.0124786163	49.5017884172	0.0000329965	3.3810401240	178.8966980548	0.0049662074	0.1090982833	
Tumor.316	3.8432120748	0.4480443812	49.4683489568	0.0001551896	0.5137540374	306.8549714865	0.0047950360	0.3650844742	
Tumor.317	0.6642055131	3.9116594285	177.1411514164	0.0000164738	0.5533136309	161.2734176210	0.0278991430	0.0265604818	
Tumor.318	2.5243091793	2.9027185558	365.5891334270	0.0000074160	4.1404830307	155.0169066227	0.0076340651	0.1079940625	
Tumor.319	2.2870363875	0.3861146158	6888.6610110369	0.0000013494	8.8592536533	50.4073694018	0.0039706501	0.2199414457	
Tumor.320	0.9366744993	1.8924993100	68.8497807085	0.0000160117	8.0710796013	70.8407861675	0.0095362737	0.0233263038	
Tumor.321	1.8738357513	0.8850402772	752.3442271926	0.0000044861	3.3171236945	98.3442470037	0.0275807727	0.0234388365	
Tumor.322	1.7430226201	1.8712899055	385.2953963275	0.0000142370	4.9906339230	161.2812940656	0.0037826902	0.1949781570	
Tumor.323	0.2695216633	1.3429203708	512.6600357219	0.0000097813	6.7235379151	351.1894130770	0.0015944794	0.2352314365	
Tumor.324	7.1992667822	0.6174993727	303.2362494170	0.0000242215	3.5616228784	51.9067566094	0.0321924369	0.0778676871	
Normal.26	0.5053260647	1.3408357473	215.3129240998	0.0000373489	1.9723121936	177.0405283817	0.0133503474	0.1399510605	
Tumor.325	1.8641674377	1.2835791170	23.4381707099	0.0000848074	12.0842672820	134.6549965289	0.0039759117	0.2359076828	
Normal.27	1.6329710133	0.0890791769	16307.1350198662	0.0000010223	22.6564064997	1551.9516129053	0.0000082409	6.5193491001	
Tumor.326	1.4064383137	0.9797320555	151.4752393763	0.0001153132	0.7799920336	47.8890577440	0.0364478182	0.1050813262	
Tumor.327	8.3493424742	1.5196667270	261.2783813516	0.0000210529	0.3922649817	285.6078748307	0.0093040129	0.1169463738	
Tumor.328	0.1866612523	0.2235061661	460.4046534357	0.0002223807	2.7851053609	224.1947040678	0.0014489643	0.6110790633	
Tumor.329	0.1807435002	2.3475178126	920.0375486209	0.0000021913	5.8012033323	97.0466289206	0.0052874419	0.2649416306	
Tumor.330	3.8605037814	0.7242974648	978.2390232090	0.0000025298	0.9418253724	185.0361751372	0.0124703249	0.0407441624	
Tumor.331	1.0187332802	1.2783856631	231.4864109321	0.0000366445	1.7262914943	141.3436522843	0.0050131456	0.2126841088	
Tumor.332	2.8569733872	0.7503512378	735.0507179343	0.0000060560	1.4302772202	75.3237661597	0.0216695506	0.1458293966	
Tumor.333	0.7062395366	3.5611802094	384.7286390832	0.0000155502	1.9759832751	176.0093248544	0.0036389988	0.2237689169	
Tumor.334	1.3901278245	1.4095276581	729.3488140582	0.0000103518	0.4115874366	802.3577461776	0.0024028062	0.2134527738	
Tumor.335	0.4489495019	3.9565434581	75.6714628865	0.0000311487	7.0007563948	94.0589031359	0.0066676158	0.1152623795	
Tumor.336	0.5263519394	3.9313949267	58.4171900473	0.0000295631	0.3653249242	1656.6607480601	0.0018700358	0.3862879714	
Tumor.337	14.9092048640	0.8924435590	45.6793503586	0.0000788474	1.4704573227	64.2066441805	0.0210954264	0.1149530832	
Tumor.338	4.6569893235	0.9170286553	49.1943673648	0.0000903743	3.6803571233	122.6634979792	0.0048654405	0.2170638792	
Normal.28	2.8866016320	0.6390808055	258.7288331685	0.0000159385	1.8208526502	48.6287387422	0.0377483373	0.1048680795	
Tumor.339	2.0072859157	0.4951655002	398.8068179428	0.0000169078	1.1542568777	174.6934576516	0.0078069845	0.1186884029	
Tumor.340	0.2455805995	1.7250703122	214.9800217882	0.0000003896	41.2882118115	3373.7647695496	0.0007718450	0.4209341783	
Tumor.341	0.7931340050	5.2933746088	51.9676238684	0.0000741898	3.4696115704	44.1065930735	0.0377303744	0.0799248163	
Tumor.342	0.7590357648	2.0230104249	68.3055159900	0.0000540695	0.9697436382	259.1364207970	0.0086280434	0.2908765132	
Tumor.343	3.8263619582	0.1278389516	3907.2310902766	0.0000129474	2.2996724055	24.4523539958	0.0049120048	1.0403350992	
Tumor.344	0.1881252826	1.9694177145	539.3635839976	0.0000243884	0.5565862863	180.0980124342	0.0032974456	0.2852219482	
Tumor.345	4.7590887408	0.9993874110	180.6469757161	0.0000330230	1.0754783144	92.4718326438	0.0131224176	0.0844235765	
Tumor.346	0.5860942348	1.3496147171	540.9551833914	0.0000080641	5.5542835768	208.4703850711	0.0014186903	0.3256241595	
Tumor.347	0.3198662251	1.8589973884	187.4879878731	0.0000250666	4.2717611588	209.7862756310	0.0025351577	0.1262117467	
Tumor.348	0.9149519148	0.4829339005	703.9981779540	0.0000082084	3.0984601900	328.2885705031	0.0031322802	0.3420526622	
Tumor.349	4.5317310474	0.3109933162	404.2424162627	0.0000297324	2.2034037773	19.1324365127	0.0241082837	0.0993817409	
Tumor.350	1.4477865209	0.8672042608	747.6072140461	0.0000075425	1.2230788092	127.0738695310	0.0082444804	0.1790755532	
Tumor.351	8.6321017531	0.8651175101	32.9625300023	0.0000806601	2.2691243263	90.7909311899	0.0139976955	0.0290059115	
Tumor.352	0.1603063441	5.9554724641	166.7283629086	0.0000053246	1.7653802922	182.6511607862	0.0138471982	0.5463361273	
Tumor.353	2.3612901328	0.8545407412	815.0284636271	0.0000079709	1.3167319276	66.6562286844	0.0316397970	0.0388481005	
Tumor.354	1.6447049637	1.0679379362	210.3498717311	0.0000184579	1.9814447407	303.4211060474	0.0049655815	0.0826069019	
Tumor.355	0.6886899606	1.2661111371	429.1391321133	0.0000181288	2.2221234970	124.3370935656	0.0085111229	0.0510364693	
Tumor.356	1.4123071479	0.6286858682	324.2315827777	0.0000238085	0.9455963870	105.2028388754	0.0142601750	0.1132164925	
Tumor.357	5.0428461049	0.9894134775	377.0218418007	0.0000160264	1.9728054504	135.8944689790	0.0068817398	0.0409837120	
Tumor.358	0.1217742484	3.5164739874	234.8781051733	0.0000099600	5.3877219919	295.0745126358	0.0009540494	0.4397899002	
Tumor.359	1.5561898299	1.9961348916	44.0429897659	0.0000449873	5.7537335685	171.5734510511	0.0059960378	0.1066377141	
Tumor.360	0.1213487433	1.9454099536	176.3045994189	0.0000736152	1.7917693273	794.6825024415	0.0018700028	0.1638589184	
Tumor.361	1.0233720337	0.6663156560	510.0791733985	0.0000146469	2.5973905277	37.0510357884	0.0229430021	0.0728607546	
Normal.29	0.8370860160	1.0209549614	562.1599249452	0.0000245753	2.1557377654	185.7328660791	0.0056821789	0.1011704531	
Tumor.362	1.9678664389	1.8711236694	98.9723158808	0.0000799329	0.7022066195	297.6889027087	0.0090702703	0.0711925896	
Tumor.363	4.5267725837	0.5239525129	144.0256486058	0.0000252258	3.2013737745	453.7856474618	0.0040350364	0.0638424124	
Tumor.364	11.8922084959	0.1114257639	1042.4638237581	0.0000100566	0.7560293769	678.7458340390	0.0080214539	0.0753847887	
Tumor.365	3.3474216789	0.6043171683	33.0258506527	0.0001375464	0.9290826574	68.9616068297	0.0256855195	0.0976462937	
Tumor.366	0.3207532390	12.9671695322	321.5609006787	0.0000134123	3.0865502357	47.5661546893	0.0270762010	0.0669595046	
Tumor.367	0.8660579847	1.6499540262	617.9500135547	0.0000184209	1.0098509617	6.8451781230	0.1204681279	0.1969460394	
Tumor.368	1.5482293844	1.4740401361	1913.4676734345	0.0000018659	1.5349915272	30.1475218681	0.0649332927	0.0527597730	
Tumor.369	1.2912376789	0.6332766037	381.6002513903	0.0000102826	2.2892897261	15.1522600326	0.0604366217	0.0493770885	
Tumor.370	3.7159512314	0.7580906107	5708.2635219715	0.0000014876	2.8773523700	87.2970117220	0.0113224439	0.0608587774	
Tumor.371	1.2680449994	1.2736378341	648.9415366277	0.0000044899	1.8238861928	30.1769273776	0.0458169011	0.0728184009	
Tumor.372	0.4658579166	1.4122183342	502.8723770204	0.0000096972	2.7498162769	98.4396473538	0.0084914581	0.0838155712	
Tumor.373	0.1357722882	2.7922582571	386.0993939796	0.0000157075	6.6041731379	309.3923410697	0.0018194714	0.2943760016	
Tumor.374	2.1986540328	0.7303692671	2433.3626100927	0.0000016048	4.0045853551	66.5740265605	0.0146595938	0.0667420824	
Normal.30	3.4334808349	0.9481190423	120.3202342612	0.0000513585	1.7312700700	136.6448180346	0.0147524412	0.2069841071	
Tumor.375	0.6127271629	2.0155495431	168.2485828335	0.0000146359	1.1319935779	1114.3990365265	0.0022486885	0.0898896806	
Normal.31	0.4643515627	1.0687056152	267.3241970261	0.0000459523	2.0252561134	179.9299468382	0.0069653953	0.0784544633	
Tumor.376	0.6834154452	1.6190435415	840.7707156091	0.0000055250	1.6590843507	452.7949550030	0.0040362691	0.1209177911	
Tumor.377	0.8299013265	0.8688864486	452.2221999234	0.0000088912	2.7068774044	13.5689022633	0.0742273187	0.0308005271	
Tumor.378	2.7864710859	0.5014948427	498.2698986818	0.0000061060	7.7577201316	219.4799734579	0.0041465383	0.0819313420	
Tumor.379	1.0047124108	2.1808622662	350.6187986554	0.0000201980	2.5500560745	48.3486896877	0.0170332479	0.0438331772	
Tumor.380	0.4126893195	3.1493594251	57.2292493285	0.0000625099	1.7445599117	265.5842768634	0.0083928041	0.1068650422	
Tumor.381	1.1359184565	3.1589321573	40.1185808940	0.0000610486	3.5164514193	717.1966551574	0.0028531011	0.5281825553	
Normal.32	3.8420279402	0.6575999758	177.2005043550	0.0000476233	2.1358777067	148.5222873602	0.0146967151	0.0689413645	
Tumor.382	0.5270381640	1.1936006351	940.0232250870	0.0000082697	1.6635031539	160.6020478053	0.0135081974	0.1526188987	
Tumor.383	2.2184220891	0.2311172074	12331.7705789259	0.0000009765	3.1215403001	456.2156711486	0.0098418577	0.3060658077	
Tumor.384	1.4067467904	0.6837932163	2815.8149935234	0.0000031805	1.1576742977	41.5479276082	0.0325229085	0.2047392993	
Tumor.385	0.8409548996	1.2772334244	73.4016085418	0.0000750850	1.4139953770	402.4196982152	0.0030118482	0.0337445890	
Tumor.386	2.9965206126	1.6940802236	112.6587969843	0.0000697193	2.0406884053	147.8590778451	0.0094368450	0.1007440882	
Tumor.387	1.2486388821	1.4754628425	282.3808204739	0.0000177052	1.3395046320	89.3419675805	0.0297388078	0.0441062574	
Tumor.388	0.5850618264	2.0096302438	87.1571886453	0.0000671660	5.6932196299	473.7831179941	0.0001101947	0.4266967009	
Tumor.389	0.7701698561	1.5295535291	205.3413318091	0.0000069179	2.4967699011	444.5933293499	0.0045980211	0.0747091339	
Tumor.390	1.6060708838	1.0417668677	208.7430671240	0.0000317452	2.5997445763	756.2708715176	0.0016827513	0.1654478912	
Tumor.391	0.1877364262	5.4647011252	880.2137626745	0.0000068361	1.6863969498	2735.6992685542	0.0002214546	0.9600927693	
Tumor.392	0.8073393644	2.4982320444	96.6940927023	0.0000373483	2.6776736162	152.7778994120	0.0213965281	0.0747211902	
Tumor.393	1.4648885935	2.4725589919	92.9594997851	0.0000118745	6.8554964221	182.6610636893	0.0036423449	0.0380674190	
Tumor.394	3.2282568588	0.2268060106	241.8991114311	0.0000877171	1.1903522097	338.2623634930	0.0058537485	0.1142034499	
Tumor.395	0.7879580968	0.6016036966	662.7443632148	0.0000077618	2.9527746158	113.9924346143	0.0090389874	0.0987554075	
Tumor.396	3.4659522941	2.1715047451	86.7521152596	0.0000561791	0.5665469645	293.9695979081	0.0122559418	0.7766619510	
Tumor.397	2.8070686700	0.7843233915	750.8059288109	0.0000098604	0.2483964602	788.7229852083	0.0281764940	0.0344364695	
Tumor.398	1.5601555213	0.2877146619	4000.6228991520	0.0000033932	0.4806799168	411.6046831487	0.0035835843	0.1084237999	
Tumor.399	1.7571017715	1.0235337731	466.3119969793	0.0000038378	3.2912598697	62.6212849061	0.0127287322	0.1611415981	
Tumor.400	0.5632047784	1.0679194747	440.4340369097	0.0000063421	4.3742256173	231.4244650475	0.0057041957	0.0909811727	
Tumor.401	0.4267127977	0.8737585276	2572.3944014948	0.0000033595	1.9657978742	838.9815400402	0.0061583709	0.0356329331	
Tumor.402	1.0661711674	0.9943032292	75.2821196750	0.0000131894	2.3013247383	440.9844045097	0.0119887233	0.1564023965	
Tumor.403	1.7660575081	1.0516877409	373.9823311438	0.0000204163	3.5965186039	111.6224278598	0.0041571616	0.3431034129	
Tumor.404	0.2804737603	1.4692323460	206.3785060946	0.0000796838	1.3485418782	194.8808441083	0.0049698248	0.2077508370	
Tumor.405	0.9561112979	0.8863901457	640.5419447196	0.0000028099	1.6197986544	290.6237660114	0.0097213985	0.1020775092	
Tumor.406	1.4059196752	0.8412439205	61.3461902757	0.0000765291	1.4095661259	1118.2121942582	0.0022746187	0.2039622696	
Tumor.407	1.2428373860	0.4678883245	363.2110395423	0.0000288656	5.1400683973	198.4499230946	0.0026201374	0.5136922346	
Tumor.408	0.3542702015	1.0195278590	152.7628195577	0.0002532785	0.4676865000	149.9989184663	0.0109559580	0.0765981094	
Tumor.409	1.2115235162	0.5528795774	189.3952404686	0.0000154394	2.1386134722	448.1470448637	0.0038453186	0.3174118980	
Tumor.410	0.7366895930	2.7649322603	80.6948555744	0.0000337635	0.8448981128	818.5795928723	0.0080107936	0.0418386283	
Tumor.411	0.0885494116	10.7126192560	4130.5123463524	0.0000009498	3.7865995640	67.0552665670	0.0196573489	0.1280589952	
Tumor.412	17.7497842563	0.3896596204	337.0276750268	0.0000248957	1.1185388771	75.3844655099	0.0409426987	0.0396659875	
Tumor.413	1.1549593260	0.8282394664	1027.6477338167	0.0000047242	0.8625697276	222.2265114397	0.0055221771	0.0761921773	
Tumor.414	6.6794423612	0.6585267368	153.7647615334	0.0001686417	0.1611862070	620.6354966932	0.0063304798	0.2946939479	
Tumor.415	1.0566676485	1.6416583799	644.8238822401	0.0000069803	1.5243466894	171.6649600527	0.0064673297	0.0972184208	
Tumor.416	1.7514995853	2.8441335687	94.8057912608	0.0000516503	0.9553783749	233.4774404404	0.0024405305	0.2233973914	
Tumor.417	2.2275996377	0.4615988406	1045.7782030607	0.0000037084	2.6896738652	69.2479819311	0.0192161610	0.0551920361	
Tumor.418	3.8329489187	0.4310406609	422.8106524898	0.0000144887	2.0221870927	27.1447576263	0.0204510567	0.2076777461	
Tumor.419	8.8792981230	0.5179458518	117.8637409393	0.0000722698	2.8602863199	51.8070423263	0.0677269722	0.0456380289	
Normal.33	3.4964345674	0.8974201978	234.2967443758	0.0000225305	1.9620795290	159.8813408327	0.0082929142	0.1390405443	
Tumor.420	0.8054802374	1.2136058191	116.9575487280	0.0000606864	2.9833635809	348.8744052445	0.0020840494	0.1205669153	
Tumor.421	1.7623292177	0.6043405651	193.2551608628	0.0000133282	1.2708169670	799.6250145889	0.0065235291	0.1602113050	
Tumor.422	0.3474151016	1.2552679218	2032.9566745873	0.0000011474	2.4493748125	107.4887812623	0.0067530819	0.2391344152	
Tumor.423	5.2643872533	0.6196970985	1483.6077312254	0.0000032747	0.9906375819	74.1374636133	0.0442699844	0.0973603379	
Tumor.424	0.4460798787	1.0415625843	486.4859144051	0.0000155580	1.7896445335	89.4168472623	0.0138222261	0.0622818541	
Tumor.425	28.9947917531	0.1727809480	398.3071606307	0.0000240374	0.6620602866	119.1682631858	0.0109854377	0.0258527356	
Tumor.426	4.9364896620	0.7902787538	162.6266673812	0.0000516057	1.3517715749	352.0240244889	0.0047350578	0.0013389792	
Tumor.427	4.2884742703	1.4625564169	1129.6355142661	0.0000018881	3.4431915757	118.5915406881	0.0023153877	0.2217794173	
Tumor.428	1.2108498491	1.4732975856	320.7928096846	0.0000103567	2.9410529677	249.7665938384	0.0029125521	0.1708578995	
Tumor.429	4.5185083702	0.4805834815	4224.3731154805	0.0000007140	16.0615791361	124.4935578648	0.0024771257	0.1559990016	
Tumor.430	0.7453821461	1.2137098658	102.9438725006	0.0000599753	1.0381874476	200.6091060632	0.0051522525	0.4357862851	
Tumor.431	1.1416375310	1.0849183947	132.3475319283	0.0000566522	1.5267502404	139.3217299512	0.0077238782	0.0693445818	
Tumor.432	1.8750755108	1.0730053213	814.6109951007	0.0000052698	1.6142868931	214.9878234147	0.0055468548	0.0431006653	
Tumor.433	0.8848427906	0.8664833044	983.5159624383	0.0000051809	3.4619230174	41.3669821302	0.0212890543	0.1192847274	
Normal.34	3.0748411080	1.0674386556	118.9321167195	0.0000606600	1.6515519750	201.5623598437	0.0075746720	0.2645160959	
Tumor.434	3.3855849968	1.2160658906	39.6344503913	0.0000595690	4.7954652944	346.0488085419	0.0079869915	0.0451678768	
Tumor.435	0.5666699155	2.6211994348	2395.0506048060	0.0000003436	5.2432880371	370.4402880441	0.0018375879	0.9597048708	
Tumor.436	4.7783095767	0.5049228306	1072.6608710740	0.0000087687	1.2959782680	102.3069827024	0.0213744514	0.0901862936	
Tumor.437	0.9389258227	0.7755680426	1588.0053357636	0.0000042070	1.9410704263	31.8718707106	0.0230469197	0.0459530654	
Tumor.438	0.5226701370	3.5903414178	14.4681860259	0.0001653319	2.4280147178	1074.3848960394	0.0027538168	0.2992171699	
Tumor.439	1.3857018683	3.5951917539	21.4513700997	0.0000988254	2.4755313326	546.0731752729	0.0088948679	0.1377127340	
Tumor.440	2.2228904655	3.8068758795	180.0012685808	0.0000176136	2.6015521903	310.8601792895	0.0027047825	0.3244543919	
Tumor.441	1.2905499420	0.6817083364	696.8720408068	0.0000022644	2.2690475917	353.0561538643	0.0032305706	0.3066447708	
Tumor.442	2.7890679083	0.4255858273	574.9282744254	0.0000180479	2.0906015683	344.3376114340	0.0051254546	0.0389268877	
Tumor.443	0.7815928486	1.9823582002	229.8434518817	0.0000140469	2.4323995879	324.0542681237	0.0032829274	0.2314065844	
Tumor.444	3.5803516177	0.6575882194	8105.5615004784	0.0000009504	5.4749894484	12.0817707724	0.0359874493	0.0936903571	
Tumor.445	2.7306608094	0.6362534306	674.8263895700	0.0000162813	1.9717238365	731.3850858863	0.0010519565	0.2648127070	
Tumor.446	0.3833662899	2.4943464884	60.4222189725	0.0000959109	1.6242435196	182.9773961590	0.0042379964	0.1367456305	
Tumor.447	0.7604737418	2.3448557966	207.2906740193	0.0000041710	8.4253411975	448.4278453942	0.0016034909	0.1137702062	
Tumor.448	6.7207581516	0.3397016032	60.1746160358	0.0001265637	1.8407650772	202.1851822648	0.0099203233	0.0793657891	
Tumor.449	1.5025630911	1.0228544331	164.4586380629	0.0000325933	2.6617639327	200.9697379836	0.0057235971	0.0730745534	
Tumor.450	18.9467772531	0.5386031047	98.4850218101	0.0000502081	2.6885071159	277.2747937789	0.0040118696	0.1255877905	
Tumor.451	2.7387857280	2.3530407832	103.2360633547	0.0000288289	7.8217633498	18.7280500132	0.0409778074	0.0970110144	
Tumor.452	2.1613929396	1.4263002242	190.5279200898	0.0000389973	1.0572105784	296.3607738600	0.0045132061	0.2211256293	
Tumor.453	0.5078363779	0.7697695784	793.7716247382	0.0000059384	2.2903073510	161.4917884915	0.0048326847	0.0612169129	
Tumor.454	1.2680270517	0.6497372316	630.7693606230	0.0000026011	5.4356612331	221.4493915107	0.0047444940	0.0868400352	
Tumor.455	0.7924436702	1.5350780727	1032.7126066415	0.0000152291	0.6389743065	1674.2938561262	0.0029763515	0.1050634696	
Tumor.456	7.5022832919	0.8985375663	226.6881841110	0.0000379060	1.8091611327	38.8453759213	0.0688821772	0.0535905429	
Tumor.457	1.0881067644	0.9162098452	1374.4654260739	0.0000033164	2.0112166682	46.5278322957	0.0248741181	0.0765848319	
Tumor.458	3.2387786559	0.4927348920	891.0609308897	0.0000074603	1.2118969335	274.8868031633	0.0073996066	0.0896803244	
Tumor.459	0.1666196474	2.0277514403	396.5569687693	0.0000091134	4.7671996379	75.1853663046	0.0130488810	0.0792231543	
Tumor.460	1.1320888286	0.6198722862	650.4044933504	0.0000063923	2.5318169886	239.5101843435	0.0065592796	0.0936302376	
Tumor.461	0.9152909747	1.4896766757	113.9704400635	0.0000206832	15.4534775182	60.3203154578	0.0067378409	0.3162580353	
Tumor.462	6.1576014520	0.7049703349	52.9522702841	0.0000440905	1.3989799049	456.4640306516	0.0061475056	0.1796072629	
Tumor.463	1.9779061189	0.4316906427	3561.5160525037	0.0000012605	1.7389448408	113.8260990503	0.0134632089	0.1489617438	
Tumor.464	3.7664068087	0.6618627055	947.7407955321	0.0000068515	0.7131553493	2.2466526662	1.5490192489	0.0264982874	
Tumor.465	1.2752523533	0.6313692519	131.9156451850	0.0000481531	1.8541963655	183.4972457861	0.0053965134	0.0996106758	
Tumor.466	1.4233365832	1.7695523291	73.0517693510	0.0001573038	0.6552566594	212.4367730589	0.0157361399	0.0947261556	
Tumor.467	7.9888549257	0.9409157361	263.9219656368	0.0000383963	1.2658178576	44.8758371495	0.0177460376	0.0693422131	
Tumor.468	1.8845276000	0.6318237920	477.3182419783	0.0000106206	1.9179203896	115.5971448317	0.0137147505	0.0543131276	
Tumor.469	2.9781778681	0.9207870396	245.6301118523	0.0000246895	1.6251530440	75.8171278288	0.0306849812	0.0552722170	
Tumor.470	1.3158522992	1.6881305187	611.5792189988	0.0000061319	4.9504499605	301.5429063220	0.0025774502	0.1686155955	
Normal.35	2.2243752759	0.8272675378	376.0446024639	0.0000217659	3.0297617774	187.6513868636	0.0017451658	0.4979908733	
Tumor.471	1.7818279956	1.5754560314	104.2052086763	0.0000457425	4.3457324588	22.5638305036	0.0289426424	0.0865006458	
Tumor.472	0.8917873802	0.7364862338	125.4718986028	0.0000449894	4.5429814821	28.3626729490	0.0124263123	0.2904331132	
Tumor.473	1.5316227007	0.8007858783	1484.2827272664	0.0000056515	1.2118886446	68.5245887769	0.0301886683	0.0301912038	
Tumor.474	0.7198188868	4.1170026784	61.7720655936	0.0000568037	1.1065822973	518.7271870801	0.0059290177	0.1845894136	
Tumor.475	1.1138936878	1.6205652894	197.1416178116	0.0000136963	2.0639338007	191.3709798669	0.0049343561	0.0841961100	
Tumor.476	2.0336298684	0.5959135077	1413.6036134039	0.0000075255	1.1915447625	51.5809673601	0.0171152660	0.1214177610	
Tumor.477	0.5684639452	4.0400761000	288.7823317464	0.0000024964	19.7346949107	94.7270495035	0.0020605230	0.1224617623	
Tumor.478	0.1477884699	4.7505587335	121.3241238389	0.0000611248	2.2697752850	144.5022633309	0.0039820235	0.0807587519	
Normal.36	2.4113506811	0.9364812066	167.4310539273	0.0000293470	3.9310909076	214.3543161989	0.0005213492	1.6145928406	
Tumor.479	3.7970238334	0.5318275666	971.9652535772	0.0000045493	0.7168376509	337.3220144410	0.0083902223	0.0749871333	
Tumor.480	0.4598153954	0.9238569707	520.3254389888	0.0000092882	1.2467750149	751.1598312449	0.0030082052	0.0712361039	
Tumor.481	3.7509775227	0.6581739950	56.3181173733	0.0001943922	0.7240786206	393.2073943063	0.0098231446	0.0861485053	
Tumor.482	0.1364892081	2.5575057902	12967.1954861225	0.0000001630	1.5501137689	905.1021374842	0.0005551676	1.6359629276	
Tumor.483	3.4514768715	0.5512348439	609.7989324910	0.0000050141	1.9158658543	247.7490296704	0.0134207095	0.0985408078	
Normal.37	1.1918309482	0.3236448336	1508.3925134787	0.0000044881	9.2140869422	347.1202610635	0.0002696879	1.3299404630	
Tumor.484	3.9807164632	0.7287340275	471.5756597053	0.0000080749	2.4238301318	152.6619297257	0.0120272105	0.1556021919	
Tumor.485	2.7852937020	0.6850060720	2219.8430980249	0.0000024729	0.5196627231	999.9096089907	0.0028374961	0.2121463336	
Tumor.486	2.1688503762	0.4982827816	686.4677149240	0.0000006820	13.4417747507	37.5364998689	0.0150445254	0.0907380234	
Tumor.487	0.3802655692	1.1935913455	1278.8285861851	0.0000107579	3.1016847933	439.8469903162	0.0007313424	0.8017998014	
Tumor.488	0.4733539988	0.4357387933	430.9473801443	0.0000521088	2.0711818119	136.4842217003	0.0036164442	0.4047572946	
Tumor.489	0.3228933617	4.4568695170	3853.2300811356	0.0000005716	3.0149624770	508.0075750285	0.0034025725	0.1188028230	
Tumor.490	1.8502817648	1.4485453506	134.2330892483	0.0000113291	12.6570123385	32.4302750485	0.0197575949	0.1814256517	
Tumor.491	2.8317891720	0.5256437351	2366.5696885730	0.0000059894	1.1763380460	65.2530571969	0.0248769818	0.0621872500	
Tumor.492	0.3995890652	8.4698559826	186.7721264106	0.0000309565	1.5289499257	408.7869503701	0.0083024820	0.0623534457	
Tumor.493	1.2579638453	1.7584822519	330.1735098201	0.0000278440	6.0364588795	106.1484406351	0.0009938297	0.0977798995	
Tumor.494	1.4890969853	0.8055999696	3745.0468891036	0.0000017616	0.9803562115	828.2465207068	0.0015321342	0.0508261959	
Tumor.495	0.4445380170	2.2659374660	81.7192149130	0.0000868408	0.5076515935	1254.1770952458	0.0009604886	0.3309451698	
Tumor.496	0.6614497658	2.8495151945	151.3322635489	0.0000380390	6.5283452614	43.3440372687	0.0016437648	0.0975028597	
Tumor.497	1.6331841904	1.7377825185	75.6631245799	0.0000755077	1.6312261673	143.4212063221	0.0090663602	0.1229019448	
Tumor.498	4.6241621724	0.7140763882	905.8477800796	0.0000097400	1.1058312991	101.0965973066	0.0259977654	0.0493897121	
Tumor.499	1.9125244979	1.8486762563	61.9896026931	0.0000487263	15.2646490794	40.8989615994	0.0098826919	0.1214634947	
Normal.38	3.2581464917	0.8772500075	943.0556135242	0.0000052581	1.6169083976	94.6612755876	0.0114329388	0.1123075026	
Tumor.500	2.8322474852	0.5572319665	598.0740729494	0.0000060219	1.6729225608	95.7314961980	0.0178809911	0.1508810103	
Normal.39	3.8784884661	0.9939218668	320.2909266621	0.0000181990	2.0257395345	83.4115775145	0.0286658899	0.0726095343	
Tumor.501	1.4260923390	0.5249111304	752.7786663051	0.0000163807	0.5985516787	81.4631829909	0.0173841782	0.1049419447	
Tumor.502	3.1134351733	0.4001700573	123.1620202990	0.0000804143	3.2256867010	121.0172559287	0.0046328679	0.1207610103	
Tumor.503	0.5297771078	1.4677362748	226.1211564088	0.0000085989	6.4875968738	173.1917265182	0.0037422984	0.1289333959	
Tumor.504	1.8028156476	1.9052360049	145.5344828949	0.0000119915	2.8443816427	339.2433089551	0.0088992978	0.1345161859	
Tumor.505	1.7336546261	1.0770836975	269.5161598823	0.0000154266	1.3121115681	81.1575728342	0.0175629972	0.0514707377	
Tumor.506	0.4702153704	0.8340402685	202.5053316301	0.0000566704	0.7849493987	471.7945197711	0.0046185100	0.3465591903	
Tumor.507	0.1442290927	6.0816035999	144.7673718322	0.0000691679	0.8349403402	501.4684865550	0.0075356311	0.1361152159	
Tumor.508	4.1831351484	1.2991827552	86.5090584519	0.0000171485	2.9074446836	632.7477198753	0.0009446189	0.2294251147	
Tumor.509	0.4997926198	1.6432933027	2119.4627905318	0.0000003847	22.7232280395	443.9168153794	0.0014639883	0.1354683622	
Normal.40	2.2845282410	1.2453042299	28.0232043144	0.0000427371	0.9806012834	464.4402832115	0.0158680853	0.1357922928	
Tumor.510	1.6600951819	2.0559578154	141.4220974606	0.0000212240	0.8338022556	260.6458684777	0.0165463742	0.1027945971	
Tumor.511	8.0098892386	1.0039821869	854.8275931926	0.0000045930	2.6042018327	311.3040745259	0.0025275711	0.0972953969	
Tumor.512	3.0936678870	0.7424525097	1887.6254569400	0.0000025007	4.8573156084	120.8924132637	0.0014242550	0.5422978668	
Tumor.513	0.4481272837	1.9071445054	25.5727751741	0.0001432574	3.3699961537	206.0116446721	0.0038899671	0.7243711641	
Tumor.514	2.4565767798	0.5125822644	545.8018968553	0.0000228942	1.4514250988	146.4586184542	0.0101599353	0.0811540980	
Tumor.515	8.8116974431	0.0900573079	204.4172728879	0.0000444810	0.7366900320	80.3889864033	0.0275675417	0.0412781514	
Tumor.516	0.4917965246	2.8759730160	81.9778560806	0.0000364007	1.4312541679	220.9569555560	0.0009146883	0.3566317779	
Tumor.517	3.0562139553	0.7367070045	294.1977791357	0.0000301722	1.0661358109	368.1205252906	0.0109559588	0.1805957110	
Normal.41	0.5602143502	0.1194442668	24551.7357633992	0.0000007500	28.9669049345	971.3844559910	0.0000160980	4.6512955959	
Normal.42	0.3954526653	1.2950554894	684.9397532125	0.0000156416	2.9915081873	137.2690032755	0.0050679489	0.2197553819	
Tumor.518	0.8173402474	1.1884883220	238.8633776550	0.0000181162	2.3667145180	790.8624374050	0.0012344106	0.5632953752	
Tumor.519	3.5774537985	0.3915051847	446.4371108890	0.0000141749	1.3281972151	301.0844043120	0.0057672272	0.1236977136	
Normal.43	2.2290616444	0.0895323210	3921.4066181843	0.0000056475	13.7906543886	509.0217592781	0.0000657032	2.6617003700	
Tumor.520	0.8462321860	0.5529741038	2626.4605367642	0.0000005114	2.6994307169	193.1635093781	0.0116205782	0.0528731649	
Tumor.521	1.0094948734	0.4669387835	83.5960647090	0.0001983486	0.6375870300	335.8149021139	0.0052897429	0.0705662959	
