Tumor	2.2763498114	0.7085614515	16054.4824012076	0.0000009997	1.5466125198	279.7820581741	0.0064728731	0.3272945797	
Tumor.1	5.2603347164	0.1804508485	6070.3027314575	0.0000047939	3.3240122207	137.5767648109	0.0049375755	0.2956614479	
Tumor.2	5.6884207057	0.2205658171	435.0836446990	0.0000462361	2.3610949180	231.8276737771	0.0059852207	0.1077139878	
Tumor.3	2.9260279077	0.7782371147	3143.6886858757	0.0000025223	11.9013524005	23.0373732143	0.0167997223	0.0381461877	
Tumor.4	0.3757806161	0.8437156324	91812.7834487882	0.0000001110	26.0040012618	134.7244119096	0.0010470585	0.5272634308	
Tumor.5	1.4100189194	0.2328982651	51184.0718245458	0.0000006988	3.0466846471	242.2303580259	0.0067167184	0.1351677399	
Tumor.6	3.7680987309	0.2460809462	1355.3907385376	0.0000166200	1.5050885466	154.2737385060	0.0132395854	0.0858184366	
Tumor.7	1.0437556880	0.6137004988	22943.3818625243	0.0000010056	2.0384885440	338.8761959334	0.0020400391	0.4905446062	
Tumor.8	2.9508705951	0.3184858430	1744.1987253786	0.0000144269	2.0268352630	182.3146677536	0.0110409351	0.0700287243	
Normal	2.2052015949	0.7853459605	3058.7355230545	0.0000050107	0.8878817304	725.9385294692	0.0045967194	0.2208130282	
Tumor.9	4.6624478348	0.2402134179	1309.8024588923	0.0000158436	3.4509221527	154.9144552056	0.0080093859	0.0751476448	
Tumor.10	2.1914277650	0.2173513701	13508.0679183272	0.0000024321	2.1257646741	229.7253283156	0.0050926490	0.0940641860	
Tumor.11	11.1167631193	0.0982566153	8059.0833438525	0.0000053766	1.4516248992	273.8885182443	0.0059978487	0.0874929484	
Tumor.12	4.8306750537	0.3142662746	2299.1893752613	0.0000090607	2.3113129800	195.7784397841	0.0063487093	0.0589132176	
Normal.1	9.5577916095	0.2675063147	4973.1123210944	0.0000093387	0.5189778337	470.1178622328	0.0087494049	0.2098944778	
Tumor.13	1.3960670527	0.2511434362	30354.0737964975	0.0000011874	1.5002238652	217.8454799716	0.0064750042	0.1222780881	
Tumor.14	3.3532774190	0.2508067445	2024.2771129156	0.0000152681	1.6248505781	294.5073046124	0.0038589536	0.1115101429	
Tumor.15	0.8259558534	0.4235449928	105306.9426721276	0.0000004267	1.8105825807	186.0880482669	0.0054861236	0.1392688052	
Tumor.16	2.5205178840	0.1620685915	76402.2560431564	0.0000005367	2.5719430030	212.7859080142	0.0031702262	0.6598892087	
Tumor.17	3.4089792181	0.2418271733	2387.2770084325	0.0000158786	2.8842149897	201.4551441515	0.0059025655	0.0659874675	
Tumor.18	0.6088369930	0.2197787004	2609.2649306080	0.0000133828	1.7534547177	397.0010551783	0.0027130369	0.1536042656	
Tumor.19	0.9142901944	2.0434066190	112.5925673929	0.0000367999	9.7455880703	121.7245286138	0.0013658981	0.1248008173	
Normal.2	8.6618090623	0.2411886249	2358.2799455968	0.0000193479	0.5305572240	438.2544897823	0.0086143619	0.1883920868	
Tumor.20	1.3903902214	0.5034039001	11580.1318423059	0.0000029869	1.2929361815	181.0637420273	0.0092542351	0.1179837021	
Tumor.21	6.7288900901	0.2409529334	2219.4137883713	0.0000077070	1.5265356384	327.7772984357	0.0036621446	0.1891610152	
Tumor.22	0.9303055825	0.4672686184	619.9493231145	0.0000328166	2.0748640924	63.0829149292	0.0109987862	0.1590446519	
Tumor.23	1.6215754236	0.3607494300	2047.2216876423	0.0000106776	2.6586077093	111.4340892069	0.0075861696	0.0694750464	
Tumor.24	0.8396843544	0.9935980702	24501.5086766831	0.0000002531	2.5514273744	318.1331698778	0.0025366191	1.2090502615	
Tumor.25	0.3662102722	1.2597761015	10687.2654835844	0.0000006021	3.8488633235	97.5950924187	0.0066423255	0.0803604086	
Tumor.26	2.4861531104	0.3916126278	524.1839873442	0.0000200258	4.0904084346	141.8194838468	0.0049179605	0.1056398115	
Tumor.27	1.3410723717	0.1916981766	733.3789584095	0.0000546652	5.4910962384	152.4513366137	0.0047719590	0.1292489807	
Tumor.28	0.6917247029	0.4043209920	44611.5562967070	0.0000003127	6.2355855822	54.2145046923	0.0129799793	0.0733916208	
Tumor.29	0.9618453120	0.6063311120	9246.2255291148	0.0000017691	3.6235478198	357.0237100423	0.0017537823	0.5147233651	
Normal.3	15.5897936492	0.2180287606	3221.1205440426	0.0000217562	0.6169902024	415.5669077382	0.0062843568	0.2355380986	
Tumor.30	15.8220517837	0.1170027775	28089.8241339300	0.0000013771	1.4739036088	233.9725900540	0.0060295303	0.2334609603	
Tumor.31	1.1237606283	1.2199616359	332.0408005746	0.0000164933	2.8256141592	250.6334948083	0.0041885002	0.5446381388	
Tumor.32	6.0318361617	0.2170729145	1780.2591636849	0.0000213152	1.3451247501	275.1675383955	0.0072987708	0.1275038181	
Tumor.33	1.1762552029	0.8487307557	7985.9169537273	0.0000019191	2.6517763673	258.6337060316	0.0062436229	0.4082904749	
Tumor.34	3.4296651201	0.4152257805	3566.5662019629	0.0000020374	1.6520068396	81.4271826258	0.0376501186	0.0338362558	
Tumor.35	2.6706277774	0.4648885698	415.3059760332	0.0000548729	1.4385952183	133.6063107309	0.0114329529	0.0413636546	
Tumor.36	3.3970196227	0.7408786983	38081.6230128494	0.0000004761	1.4998920534	645.9101047854	0.0052365415	0.1673394334	
Tumor.37	5.0006459986	0.0871343300	4671.6920391724	0.0000078330	2.7615431745	262.7150620636	0.0033200297	0.4825477952	
Tumor.38	1.2428584244	0.4398247347	1908.2879886886	0.0000096961	3.6131795781	119.3336576928	0.0074357149	0.0652091246	
Tumor.39	7.1011166152	0.2512552035	25422.7436655875	0.0000016229	0.7041774245	454.3911097949	0.0054951227	0.2364554704	
Normal.4	9.9707899350	0.1892243979	3166.7911684681	0.0000299750	0.3279707677	670.9032392475	0.0025766211	0.4531119978	
Tumor.40	4.9364256871	0.2125597237	6500.7203817649	0.0000069233	1.4189635988	121.2496168411	0.0095200846	0.0834205906	
Tumor.41	3.5052519331	0.2756596411	3446.0767639766	0.0000051663	4.0454763187	180.3246250396	0.0048182341	0.1638923194	
Tumor.42	1.1010912138	1.0290387802	811.6814868268	0.0000162391	3.6773232892	131.1520507709	0.0047656238	0.1166311084	
Tumor.43	3.6911863307	0.3391327577	1261.1478493417	0.0000179650	1.3199648383	250.2367854961	0.0078324722	0.1225675555	
Tumor.44	3.3984531511	0.2439609916	2080.8814885966	0.0000181832	1.4363096200	129.2887404502	0.0094851912	0.0972066582	
Tumor.45	2.4024196578	0.3202104269	35384.9170830345	0.0000006135	2.1355022176	159.6351816364	0.0139431276	0.0600040991	
Tumor.46	4.7570989010	0.1696320823	2440.4321185111	0.0000118001	1.5624718998	512.2499383405	0.0040005922	0.3190280004	
Tumor.47	0.6354687279	0.8319949966	3635.0432384549	0.0000059271	6.3493160360	115.7651414950	0.0025526324	0.2421021835	
Tumor.48	2.5811461381	0.3139504740	13187.5282120336	0.0000013322	4.3970559375	225.8140543328	0.0029594421	0.7440150111	
Tumor.49	1.1351385441	0.6020439318	60899.9565244064	0.0000001755	11.5945987700	173.7570726586	0.0018445373	0.8281058996	
Tumor.50	7.8111113759	0.1377392129	82431.7727647131	0.0000006390	1.1715909417	309.2784671615	0.0114404630	0.4500503557	
Tumor.51	2.4686602988	0.3270590514	2890.2016689337	0.0000055335	3.0375741771	195.8352267057	0.0070700406	0.0823441659	
Tumor.52	1.4950929445	0.3611609876	28733.6925806235	0.0000013239	1.8228076820	349.3140812056	0.0034403059	0.1292563647	
Tumor.53	3.9485399906	0.2742441059	3108.7160054227	0.0000132609	0.9772110398	293.1953443743	0.0065757823	0.0637080590	
Tumor.54	0.8688648857	0.4102381872	147830.4686665944	0.0000001716	5.6311404828	184.9087619352	0.0047044130	0.1631504116	
Tumor.55	3.2523188240	0.1921733050	94.3510683999	0.0004894170	0.6654067215	431.8549177988	0.0148513360	0.1587270857	
Tumor.56	1.7116511564	0.5518428020	14334.0870229409	0.0000005386	3.7028676736	578.5266577199	0.0034614910	0.1631623858	
Tumor.57	4.6104243379	0.1646789222	3704.4831739819	0.0000089228	1.5752961105	183.3189244146	0.0090885343	0.0923973366	
Tumor.58	2.6735451707	0.3315358465	18794.3349866072	0.0000006537	3.5919380998	335.0851674678	0.0026441222	0.2536949838	
Tumor.59	3.3089277102	0.3486341577	2487.8178197975	0.0000082226	3.5418981720	243.9069477717	0.0023552863	0.1185314881	
Tumor.60	4.6850138045	0.3349435985	131979.5183340976	0.0000001628	1.6345974880	512.8204805955	0.0051640088	0.1900174868	
Tumor.61	2.3115955541	1.0849630305	1116.3047664818	0.0000052707	18.4199143927	35.8309413426	0.0074649320	0.1567332707	
Tumor.62	4.4799661265	0.3919958595	1411.9151350872	0.0000111266	2.8993546074	220.9810733920	0.0085609540	0.0937131028	
Tumor.63	1.4173031265	0.3412341670	579.9444178693	0.0000494330	2.8442733371	144.5316225995	0.0047908492	0.0721284783	
Normal.5	0.8913617020	2.1900941116	1367.4246605034	0.0000053804	4.1680577844	166.2200681188	0.0043866222	0.2872388605	
Tumor.64	2.1371522573	0.3135264977	19291.7530348887	0.0000022979	1.1113081184	274.4988486078	0.0065304122	0.0733609011	
Tumor.65	2.2243246309	0.3412293552	23266.7901497544	0.0000006098	4.3757800360	334.9667803071	0.0034168481	0.0749760418	
Tumor.66	1.4482987928	0.3902359462	1341.3575368416	0.0000181294	1.8214379873	104.1861402394	0.0104430777	0.1199920999	
Tumor.67	3.1211296081	0.2058961452	38500.4662254600	0.0000008611	1.5725816386	235.4792131341	0.0103527679	0.0894405554	
Tumor.68	5.0944579498	1.0592510563	2592.3241221641	0.0000010791	12.5810344131	95.2809106400	0.0079357582	0.0424827849	
Tumor.69	1.1179333275	0.2213491961	22614.0133733646	0.0000025653	1.9098044326	67.7799366328	0.0115622204	0.1492086000	
Tumor.70	4.7602608964	0.9276309644	14116.2778699704	0.0000013221	0.7402854045	324.7386172367	0.0069983705	0.3532280207	
Tumor.71	4.3607271264	0.1946642101	1302.5147953092	0.0000129047	5.1348347303	110.9939179816	0.0104691023	0.0958339553	
Tumor.72	0.3391868841	3.8306410656	15677.8182629449	0.0000038464	3.1986467781	89.0574144937	0.0021788159	0.3075187555	
Tumor.73	0.6102920694	1.1413597776	1065.0436031663	0.0000141272	2.4054405185	77.9796751887	0.0194065625	0.1255353014	
Tumor.74	1.3419653026	0.4110993714	5034.1033649988	0.0000031308	3.5473035368	73.9197396873	0.0163729760	0.0931839578	
Tumor.75	0.6467073930	1.0346197652	16695.3602994013	0.0000005686	1.8957519863	373.0488279235	0.0107932604	0.2309281137	
Tumor.76	0.4844844355	1.2017932594	4729.7904975952	0.0000130204	2.6864495706	120.8638232882	0.0014999383	0.0797812881	
Tumor.77	1.0456848759	0.7572948284	10039.6899728712	0.0000013387	3.4463985731	65.9100684946	0.0080291465	0.0748310430	
Tumor.78	1.4807459094	0.5418546268	96809.4335011766	0.0000002022	3.6530275006	85.4984605476	0.0100677444	0.1003358167	
Tumor.79	1.2815356065	0.3361878853	16055.1754594582	0.0000006515	9.1194137602	95.7943102091	0.0072134631	0.2849005637	
Normal.6	7.6378400729	0.4389309246	1896.8885417136	0.0000216397	0.1916405080	710.1739222970	0.0117892716	0.2019803873	
Tumor.80	2.0335388131	0.3066856512	4820.6859501902	0.0000071535	4.3188310723	177.8242168836	0.0047221321	0.0910483544	
Tumor.81	1.0011386167	0.3014371084	28474.0059998756	0.0000012338	3.2372456956	177.6374418966	0.0045088654	0.1008559662	
Tumor.82	1.7388742147	0.8579933141	195.5100123089	0.0000654395	2.1419002768	51.9364154367	0.0168267611	0.1050473055	
Normal.7	5.1709211385	0.4260792062	5298.1730119688	0.0000070654	0.5429299168	351.2022520656	0.0082792975	0.2383789741	
Normal.8	4.6208020952	0.4156026737	1704.9812269828	0.0000198632	0.7555401107	516.6184008958	0.0081991027	0.1202501409	
Tumor.83	2.0143381013	1.0222657096	31391.2526157483	0.0000003522	1.2683597489	506.7017458208	0.0066463175	0.2526616122	
Tumor.84	2.8503499273	0.3254745937	19004.6081526595	0.0000007552	2.5665874303	344.2982298652	0.0054725234	0.4304990799	
Normal.9	3.5744611772	0.4623933507	932.8753647878	0.0000366629	0.8137293880	554.8160286316	0.0042197606	0.2048134197	
Tumor.85	7.7619546599	0.1459567980	5699.1960384605	0.0000109298	1.1532780565	269.2189392718	0.0068026357	0.0976296787	
Tumor.86	1.2128433274	0.2644893438	54587.5919865661	0.0000007289	2.0655261994	137.6309662527	0.0076369051	0.1232435168	
Tumor.87	1.3373272203	0.9792899493	9698.4912831731	0.0000023173	1.1298750952	495.7416667980	0.0059160397	0.1157796783	
Tumor.88	2.7174451992	0.3628465276	2576.0276255218	0.0000051822	3.7556624446	102.1584541964	0.0088021997	0.0403586942	
Tumor.89	2.0499715590	0.2049192286	48767.5050204989	0.0000008354	3.0916274582	323.2706406911	0.0024106112	0.5898961242	
Tumor.90	3.9322362235	0.3083365321	7216.1172259605	0.0000027180	2.7264831999	267.2164116460	0.0041465415	0.1887705187	
Tumor.91	3.7473684332	0.1926895354	8244.6800107404	0.0000042116	1.7935254138	252.9731676934	0.0069389460	0.0817659996	
Tumor.92	1.8453704429	0.3102627172	17229.4357310349	0.0000023490	2.8391150454	203.9199118259	0.0030557773	0.1376882788	
Tumor.93	5.7217056342	0.3163559650	12919.5448899109	0.0000013081	3.1421337402	144.1503459176	0.0192524094	0.0552220258	
Tumor.94	3.3843413907	0.2781972451	30087.1196294098	0.0000019373	0.9099636480	419.6266192704	0.0060426151	0.3064693131	
Normal.10	7.8543527045	0.2213673213	1930.4962342430	0.0000291973	0.4649003693	419.6279667785	0.0070818689	0.2022954116	
Tumor.95	3.0726968798	0.3665069026	633.1201712650	0.0000374691	1.0967851431	180.9448525358	0.0109330366	0.1096559987	
Tumor.96	0.8934099633	0.2354379328	1627.9772809850	0.0000272398	1.7027567789	148.1869646617	0.0052967666	0.1071969893	
Tumor.97	8.6146093308	0.2460833930	8061.5330333901	0.0000063672	0.5957417949	209.2985958741	0.0130508932	0.1295382375	
Tumor.98	1.6087789170	3.6289647122	4229.2949107175	0.0000022338	1.0644065522	116.7178385934	0.0181791356	0.5183408057	
Tumor.99	0.7881919168	1.1631669583	13911.5152314071	0.0000010531	3.0036307774	336.1211712693	0.0044751481	0.1424794160	
Tumor.100	1.5439642627	0.4805098362	10517.5034913144	0.0000009366	6.3886664861	162.0992242258	0.0034423677	0.6413007391	
Tumor.101	1.6800851623	0.3028259675	2830.0184250415	0.0000139236	1.3539250647	190.5799534260	0.0066094107	0.1367496856	
Tumor.102	3.4355279988	0.2693912303	2523.8041754474	0.0000100211	1.5895761135	298.9481436522	0.0075087203	0.0735397373	
Tumor.103	0.9093232954	0.2652916475	4208.3660882389	0.0000092202	4.7410020225	98.5645446675	0.0050536809	0.1868459307	
Tumor.104	2.0154935130	0.2022687853	3642.0901794900	0.0000089978	3.2557957680	132.2915102203	0.0084447809	0.0869737291	
Tumor.105	24.0060388380	0.0886108802	171139.0418958005	0.0000056321	0.0565696170	663.9293319702	0.0033532668	0.3385045035	
Tumor.106	4.8040118469	0.2293297924	9081.7923057720	0.0000028191	2.4366861169	110.4875003011	0.0105978268	0.0513334348	
Normal.11	4.6964707700	0.5561481547	1598.4752389577	0.0000167170	0.5400994673	505.5037776161	0.0077598922	0.1888107974	
Tumor.107	7.8889828334	0.4150237630	22929.3381076829	0.0000009398	0.6458864264	544.1971596067	0.0049721911	0.4011051148	
Tumor.108	5.7346417307	0.1771574973	3291.2694296455	0.0000101236	2.0326545471	220.1241477922	0.0046735723	0.1415641206	
Normal.12	3.2710067107	0.5043174258	1329.6182941164	0.0000217116	0.7954668187	477.8913195662	0.0052001262	0.2337684261	
Tumor.109	6.6210758774	0.3773839798	14650.4890796840	0.0000007381	3.6827793055	125.6347075214	0.0102293050	0.0410900875	
Tumor.110	6.6354814376	0.2058178544	11037.2886015863	0.0000013649	3.4450582141	315.4845492578	0.0046744362	0.1229039865	
Tumor.111	1.4031177905	0.4301324703	9991.6935590185	0.0000036828	2.0911801645	192.8175639601	0.0060405799	0.1080085929	
Normal.13	11.6789367013	0.2485107887	2482.2360303925	0.0000215175	0.4349692064	488.1017901188	0.0080225966	0.1644938255	
Tumor.112	1.1226005653	0.2622313371	31517.9732949082	0.0000012369	2.7466504963	117.4107248103	0.0059523439	0.1137372848	
Normal.14	7.6087192030	0.2754803282	1005.1834009974	0.0000588973	0.5590453325	404.7312709457	0.0055628004	0.2980882505	
Tumor.113	0.6281731167	0.6610335565	113310.7591143008	0.0000001547	3.2209808078	284.9976932760	0.0033131171	0.1447665996	
Tumor.114	3.4468151310	0.4229496508	15394.0799642143	0.0000017810	3.3822236793	106.8073718473	0.0065398177	0.0776301934	
Tumor.115	0.8997253793	0.3510747880	26323.9925630035	0.0000013228	2.2257988105	201.1121729708	0.0039079266	0.1330686727	
Tumor.116	3.0749453583	0.3518514221	24252.5093576908	0.0000008579	3.6635605355	162.4047255665	0.0072275231	0.0997310923	
Tumor.117	1.9945833593	0.4805741399	2350.9914386081	0.0000112272	1.6314950884	305.5543796049	0.0047178576	0.2078207663	
Tumor.118	5.7054072192	0.1519495275	2581.4701537669	0.0000137526	1.4855854343	259.4407330432	0.0097235287	0.1549814092	
Tumor.119	1.0679831187	0.1539816521	18982.2969340208	0.0000057117	2.1948583326	170.6446976328	0.0067325710	0.1478070851	
Tumor.120	1.6168442914	1.2620596371	2496.7797620914	0.0000031565	0.5043001959	535.4916825083	0.0269276794	0.2410551280	
Tumor.121	1.7586845942	0.3302846951	16600.9869396678	0.0000020588	2.2068295281	154.0094063396	0.0070706592	0.1308893813	
Tumor.122	9.4345349841	0.1724902584	15867.2340383963	0.0000022335	2.2686694553	207.6971229382	0.0080991924	0.0910419276	
Tumor.123	1.5643679504	0.2999965142	745.5125553565	0.0000255420	3.8187074716	177.4596830026	0.0046795112	0.0840478825	
Tumor.124	1.3818404308	0.4430613885	33251.7415649507	0.0000004685	3.5926280857	67.3331914390	0.0188198605	0.0818627907	
Tumor.125	3.1627013503	0.4312671158	669.7240565975	0.0000300964	1.0774094666	150.9629759833	0.0141562709	0.0660849155	
Tumor.126	1.1805225395	0.3341993746	9258.7162253478	0.0000032018	2.7536557040	274.6087203992	0.0051743733	0.0866036576	
Normal.15	1.9442151345	0.4843896175	13908.9320683652	0.0000018572	0.9837540861	558.9781405731	0.0043926596	0.2625140761	
Tumor.127	1.2880841388	0.1938635812	3883.9172082096	0.0000105047	2.4225151018	210.9733657325	0.0049944518	0.1057465753	
Normal.16	6.0230499195	0.3193375442	2804.2194128791	0.0000163408	0.6557674086	444.9541163526	0.0051162342	0.2183152170	
Tumor.128	4.2441188404	0.1723274634	5631.0008892047	0.0000067470	1.1551418542	351.9018994565	0.0041445399	0.2558208809	
Tumor.129	1.8161925787	0.3432077590	1934.6664571578	0.0000095975	2.8354694982	55.2886436011	0.0312500299	0.0555192539	
Tumor.130	1.5553303749	3.0010464178	17220.9781843629	0.0000005514	4.9133968156	145.7911112018	0.0035856027	0.4028394091	
Tumor.131	0.6090203744	0.4830355220	19383.5176763203	0.0000014216	2.4812912825	130.2592323297	0.0057036808	0.1412674843	
Tumor.132	1.3592728475	0.3335663813	19367.1798459848	0.0000017336	3.1393966730	87.0443964211	0.0111554116	0.1052851749	
Tumor.133	6.9688476254	0.3008331940	3219.0605930030	0.0000064964	2.1614082347	243.9387731607	0.0056903426	0.0362906352	
Normal.17	2.5085676096	0.2641249331	1476.9912494218	0.0000291712	0.6583524212	631.9227068570	0.0037753445	0.2779158125	
Tumor.134	2.4357350843	0.1548556965	30484.1881639972	0.0000026153	0.9729186709	331.4851500563	0.0058004860	0.1337345973	
Normal.18	4.2246435640	0.2767390225	2059.9505292404	0.0000261333	0.5111962580	509.8770903952	0.0052823894	0.2689902239	
Tumor.135	2.9386210963	0.2735437504	4858.4102812233	0.0000057771	1.7458977564	89.7006174822	0.0134182149	0.1044952435	
Tumor.136	1.6561754721	0.3848507101	1059.4983575997	0.0000224873	2.9279946467	150.7221333863	0.0044868520	0.0837987329	
Tumor.137	3.3489451726	0.4022957377	2250.0391330786	0.0000051095	5.7168122424	113.6127362258	0.0091163718	0.0508156633	
Tumor.138	4.6494919012	0.1379283710	5094.2568709736	0.0000061502	3.9570966610	119.3689631062	0.0082256053	0.2239495819	
Tumor.139	3.0113293542	0.2527406549	5455.3462317714	0.0000033265	2.0831245791	265.4799186805	0.0093462416	0.0530624877	
Tumor.140	0.5309829535	5.2316541982	2415.0070862939	0.0000021605	8.8146881949	84.5450822392	0.0021794578	0.3725717660	
Normal.19	2.9223887694	0.4378933333	1369.2652029576	0.0000257767	0.7279679318	638.3095886969	0.0046453223	0.2224641737	
Tumor.141	6.7534332607	0.3577280698	14282.5184016718	0.0000027004	0.7144734698	358.3076990158	0.0092176030	0.2489802658	
Tumor.142	8.3945457878	0.3418764616	987.5300780343	0.0000102194	3.5279237119	170.8908434655	0.0086104558	0.0403456621	
Tumor.143	3.5639175541	0.2955223460	42267.9191207625	0.0000008191	0.7612063224	373.1891918909	0.0168569604	0.1363438509	
Tumor.144	1.9509611600	0.3716607771	1251.3197773568	0.0000075945	1.4067807208	332.6596901411	0.0076285145	0.3140847829	
Normal.20	4.1829553056	0.4661761168	3612.0567893736	0.0000114609	0.7591542690	479.4809392749	0.0070597083	0.1932415725	
Tumor.145	0.3584319911	1.5321241824	15484.8160152197	0.0000128252	1.9738915699	55.6789602587	0.0010905687	0.0911822481	
Tumor.146	0.9130239729	0.5116260784	1722.6093312525	0.0000083994	3.5707793795	193.2516623240	0.0022714887	0.4124679932	
Tumor.147	0.5841565305	0.2804690221	107864.1615833701	0.0000004038	3.8658976041	442.2733941888	0.0021062854	0.1323753112	
Tumor.148	4.0467679822	0.4862642069	2379.1368363667	0.0000057878	2.4868002498	259.3007416722	0.0053017676	0.0623656551	
Tumor.149	0.7144264607	1.3344379024	449.8701975977	0.0000254351	19.7139989945	78.5959401161	0.0015641282	0.1008107665	
Tumor.150	2.0911799847	0.3742812257	45182.1771918050	0.0000002077	2.5366246362	503.8146848819	0.0036902542	0.4774289472	
Tumor.151	1.5017128539	0.3816531142	639.4575816751	0.0000283728	2.1448074071	39.5648049748	0.0246010745	0.1095792719	
Tumor.152	13.1269252075	0.1017371327	11771.7539315491	0.0000016420	3.0625545254	228.1165893277	0.0107310611	0.2372531927	
Tumor.153	6.9478965486	0.2030918525	1130.2157421429	0.0000181650	1.8617318480	140.7704996819	0.0211655939	0.0349526340	
Tumor.154	2.4244152282	1.9851316577	8154.9215727736	0.0000007158	1.2255365276	414.3921581744	0.0084166769	0.2896359301	
Tumor.155	3.4682557182	0.2791107484	10909.9162780456	0.0000020652	3.7605791739	217.5429827402	0.0040078454	0.1308806291	
Normal.21	6.0623930333	0.3014474590	4194.8341428390	0.0000099338	0.6847233702	505.6952612580	0.0069620103	0.2132929858	
Tumor.156	6.0748991785	0.2150270594	66765.2601272239	0.0000005919	1.0690769732	467.2008986853	0.0068874503	0.1447291329	
Tumor.157	1.7656130250	0.3659020218	4842.1737441634	0.0000047254	2.0388057092	101.4205815406	0.0057774075	0.0877611521	
Tumor.158	1.3940841943	0.4237108234	1028.8614151314	0.0000119052	3.1213021609	83.6962424192	0.0139926370	0.0492446522	
Tumor.159	1.8054707258	0.2554695094	1218.8246566985	0.0000391958	2.1634196706	135.4883003115	0.0060622440	0.1317740507	
Tumor.160	1.8168670890	0.3767091993	6298.3089817297	0.0000025168	2.7024318013	47.6953806187	0.0215730121	0.0854026526	
Tumor.161	0.9650064579	0.1999833018	9883.1026995798	0.0000085007	1.5192554752	195.2833288706	0.0080968106	0.1279688409	
Tumor.162	2.9878774980	0.2313570095	1083.4680874496	0.0000298020	3.1437947269	180.5791682378	0.0053130814	0.0620110173	
Normal.22	6.0286301346	0.3017475439	1841.1373303582	0.0000254802	0.5413592190	516.6006415156	0.0069512850	0.2170864102	
Tumor.163	2.0022967870	0.1710188144	12896.3775784464	0.0000078999	1.6734445654	188.4119765508	0.0049559138	0.1193057284	
Tumor.164	0.5142706073	0.4881177050	1504.2170154385	0.0000184804	3.2924350496	241.5680496438	0.0019845976	0.1550798583	
Tumor.165	0.8197941434	0.3170167940	54497.2437069432	0.0000000883	10.0477486724	318.4773524318	0.0270383579	0.1062578188	
Tumor.166	1.2566685726	0.7142231850	20137.4003809231	0.0000009458	2.3315847356	1232.8566872751	0.0004028503	0.2859480304	
Normal.23	3.2226438814	0.2793316001	3103.7407459549	0.0000121062	0.9126149322	555.4212127671	0.0052995335	0.1977643870	
Tumor.167	2.7545797968	0.2554102653	4089.3051166567	0.0000063972	1.9583838472	200.6917962791	0.0033954897	0.1806135932	
Tumor.168	22.7375375807	0.1464130446	5275.8039709701	0.0000126086	0.8756804894	246.7262297390	0.0044504570	0.0986884926	
Tumor.169	3.7182839025	0.5791874008	5299.8077297473	0.0000020929	2.0040245845	377.8789986226	0.0065132915	0.2799607951	
Normal.24	11.9488666614	0.1677302029	4929.7009064377	0.0000204672	0.3995329903	407.5872159898	0.0083990106	0.2556729591	
Tumor.170	5.5172107504	0.1832401406	8339.6783479902	0.0000037049	1.6520792027	119.7108252030	0.0152920287	0.1068826876	
Tumor.171	1.5810394715	0.2368615328	233.2475402714	0.0001507058	1.9205331562	133.6026430599	0.0078200387	0.1216972216	
Tumor.172	2.2836518110	0.2429646403	2160.2929933126	0.0000205275	1.5268237189	130.2550905006	0.0092559776	0.0933887998	
Tumor.173	2.4502746540	0.2683596625	1744.6027855358	0.0000149170	1.6733018930	330.3994519396	0.0043524181	0.1180419574	
Tumor.174	1.3924955632	0.4394792337	4451.5649613689	0.0000055353	2.8782615355	128.0945016580	0.0073184940	0.0766688460	
Normal.25	5.5625778406	0.4425191682	5666.9423114078	0.0000083514	0.4668090249	508.8964969101	0.0073097825	0.1473273256	
Tumor.175	1.3529600272	0.4449840587	10577.5042596555	0.0000023487	1.7321200000	215.2111810720	0.0143770734	0.0392603860	
Tumor.176	2.3039641786	0.2865316144	1617.8003693121	0.0000210065	1.6535983217	180.4806872618	0.0095724643	0.0624615963	
Tumor.177	2.5126135314	0.1270179847	69023.1318957362	0.0000010984	1.8433607507	211.9986419290	0.0033082510	0.1271814417	
Tumor.178	11.8184676343	0.1747803192	23000.6118061139	0.0000015608	1.0090658690	344.0011852863	0.0014578821	0.9551414717	
Normal.26	3.9272602602	0.4696998942	8450.3273506400	0.0000040854	0.5707601853	443.7031407387	0.0074234604	0.2670260644	
Tumor.179	1.6575870395	0.2754937754	1424.5433524044	0.0000137719	3.1279503947	129.1275658225	0.0084467143	0.0887846474	
Tumor.180	0.4057748652	0.5996259701	15647.4582456042	0.0000013466	15.5128204686	218.8521809783	0.0002104917	2.3216247885	
Tumor.181	3.9697139788	0.1154036161	24515.2000544917	0.0000010414	2.6234855726	443.6146871159	0.0025534255	0.6971191188	
Tumor.182	1.8426903597	0.2535388524	14889.0612284098	0.0000022406	1.9258624888	78.7446095701	0.0184639822	0.1000852666	
Tumor.183	3.8518605323	0.1785210434	25295.7672363364	0.0000010080	2.2351477508	178.3431808445	0.0100257384	0.0716780578	
Tumor.184	0.8168664675	0.4902769017	83024.0401981552	0.0000003988	4.2991458119	154.2639844755	0.0051884906	0.1288686915	
Tumor.185	1.0064793477	0.4109578443	19916.8358462594	0.0000012205	2.7269992501	114.4709025904	0.0074913285	0.0926052377	
Tumor.186	3.6599197965	0.3398497473	2578.6024731224	0.0000140926	0.8143445559	378.4039354074	0.0041600774	0.2234710619	
Normal.27	3.3441359080	0.5790592773	4788.5491194070	0.0000040883	0.6615375335	666.9913253182	0.0068504231	0.2156484703	
Tumor.187	1.8312545872	0.5146507111	1766.3998359474	0.0000080049	2.3646203180	81.2739989499	0.0121365355	0.0711331675	
Tumor.188	2.7937084165	0.5472845710	1084.1990005088	0.0000089901	2.7334760588	165.4334238080	0.0086818514	0.0716307124	
Tumor.189	1.8618433558	1.4001074825	18910.0430069215	0.0000006887	1.6161370579	474.5453711787	0.0018025395	0.2493139352	
Tumor.190	1.7636014082	0.2894403348	952.2111567297	0.0000142546	2.2398410561	110.7299188280	0.0161712172	0.0372251931	
Tumor.191	6.1010402497	0.0424901673	51507.4959431486	0.0000017294	1.2820035488	354.3760604499	0.0123168977	0.3127767083	
Tumor.192	2.5005968638	0.3280193957	15898.6395063067	0.0000024151	1.4370830564	189.5313468007	0.0071504295	0.1396592600	
Tumor.193	3.4417533203	1.0689999401	4122.3175510166	0.0000027228	0.6864608414	696.1322421622	0.0063229223	0.1744677332	
Tumor.194	5.5747562602	0.2837839874	805.0794375068	0.0000388288	1.6639192981	269.1345736877	0.0055013580	0.0691837692	
Normal.28	6.6800696190	0.4148842488	999.1848407419	0.0000358622	0.5232631884	761.5298607331	0.0057145008	0.1426164839	
Tumor.195	2.9005230670	0.4658468868	3425.8995342056	0.0000050751	1.4351841277	100.0816012451	0.0200951127	0.0622130284	
Tumor.196	1.1302162217	0.6251897592	58587.5932003928	0.0000002435	3.6296748499	84.2050610636	0.0088955338	0.0726947941	
Tumor.197	2.3813451094	0.2525229869	9474.3748875784	0.0000044015	1.7965136742	108.6149000869	0.0083586198	0.1321958730	
Tumor.198	2.8775755281	0.3802666189	3025.9978638948	0.0000080886	1.4149630293	202.8111718338	0.0068143017	0.0998477283	
Tumor.199	4.9725604954	0.1602104277	5101.4075233170	0.0000081071	1.1283501825	278.3530314792	0.0094573973	0.0673115906	
Tumor.200	3.4645964883	0.1986906257	5604.6883077048	0.0000064223	1.5471965523	150.1391847436	0.0079969086	0.0731236165	
Tumor.201	6.0615023031	0.2812138713	7505.9979198225	0.0000024180	2.5706046066	66.5609544847	0.0230171441	0.0325920276	
Tumor.202	1.5564823257	0.1966131753	34589.9994927881	0.0000012620	3.0178362658	79.0986110892	0.0104736139	0.0953671696	
Tumor.203	1.3316087099	0.4947903109	89375.2790070287	0.0000000860	5.8584386781	66.4023583061	0.0141708989	0.0583522167	
Normal.29	3.0694378005	0.3639721436	5105.4665452344	0.0000080187	0.4608059941	457.7080740395	0.0080848714	0.2331479765	
Tumor.204	1.2399430010	0.3327835816	9620.2318297949	0.0000035026	2.1520800423	181.0863192782	0.0073598892	0.1438352943	
Tumor.205	1.7463333171	0.3434979295	12701.0426212607	0.0000019776	3.4852690867	342.1363994724	0.0057053790	0.2180502146	
Tumor.206	8.2770588636	0.2760909302	2940.6726157532	0.0000113216	0.7932319700	379.7171591183	0.0068387486	0.4395499628	
Tumor.207	0.5215700033	0.7778273102	30779.2926740019	0.0000007071	5.2935136018	160.5839226244	0.0013378849	0.1518144976	
Tumor.208	6.2268324018	0.1331949123	40794.6043240410	0.0000004960	2.3361137743	398.3573276967	0.0037063066	0.6452172647	
Tumor.209	5.4509801789	0.2336983636	5841.4959351353	0.0000031226	1.4936766147	191.1370279628	0.0114984486	0.1115289111	
Tumor.210	2.3076425164	0.4834450330	1811.7473405847	0.0000099468	1.5636639489	205.2383460743	0.0078915017	0.1289208781	
Tumor.211	1.9863012035	0.1843320378	1036.2209872432	0.0000237193	2.6088792027	274.8812650669	0.0044752145	0.6026704113	
Tumor.212	0.2979286541	1.4717952615	2500.0484332923	0.0000036570	1.9388144745	674.5037576240	0.0081769652	0.0806571316	
Normal.30	4.2986232774	0.3016987737	2538.5317390414	0.0000090306	1.0299686658	444.0596038332	0.0061613710	0.2132644078	
Normal.31	18.5162295903	0.0823710980	3056.7100544457	0.0000134652	0.7534177766	453.3456023175	0.0046174407	0.3509371117	
Tumor.213	1.9128562964	0.4480815799	11711.6452786526	0.0000022943	2.1790588567	142.3724471077	0.0056811508	0.0949939311	
Tumor.214	4.6025124012	0.2517181878	2771.7020354649	0.0000061402	2.1748401422	283.3915057664	0.0074775665	0.0956438743	
Tumor.215	1.9831651899	0.6795870647	1046.5370027316	0.0000097069	2.1786019706	56.3849927999	0.0321225728	0.0648661976	
Tumor.216	2.5514357744	0.4095111348	192.4180319397	0.0001234549	1.4111590025	134.5099200331	0.0129280631	0.0709060303	
Tumor.217	2.1432820414	0.3563973726	668.6211459035	0.0000306973	3.2909009327	198.0493975788	0.0040745037	0.0970560032	
Tumor.218	4.4924648902	0.6172264359	39175.0298868508	0.0000006591	0.7226800967	428.8425050052	0.0049765205	0.1398683281	
Tumor.219	2.1030475426	0.3903237239	25990.7069864016	0.0000011776	3.4471983657	222.9976143427	0.0034958407	0.8910969107	
Tumor.220	2.1425095158	0.4511145438	1707.2822884535	0.0000231546	2.1227621325	322.0447454260	0.0042655051	0.2220399211	
Tumor.221	6.0966741912	0.2867870119	10088.1732595834	0.0000062134	0.7763947923	368.2087302747	0.0057797872	0.2710908248	
Tumor.222	4.7393291960	0.3015668147	1220.1825856437	0.0000097923	4.8929745310	126.5242915045	0.0065798322	0.0650785324	
Tumor.223	6.9720615925	0.2639335015	5391.6266569417	0.0000062919	0.9497355779	212.7233133203	0.0099125652	0.1150385163	
Tumor.224	3.1215161179	0.3390959257	25074.1183659950	0.0000011257	2.0573118825	310.5734049187	0.0068708453	0.5527832060	
Tumor.225	1.2244620676	0.3345345069	32023.4112650711	0.0000009212	1.7318549453	148.7593935473	0.0090226800	0.1590053359	
Tumor.226	3.6134141877	0.3460640042	19755.2443437509	0.0000026468	1.0135124841	307.5012852865	0.0070700680	0.1864706078	
Tumor.227	5.0240642576	0.2448477868	3662.7442808303	0.0000090705	1.5530332470	175.2498034709	0.0095589132	0.1059342496	
Tumor.228	1.1204568322	0.8006616984	357.2791004424	0.0000350904	2.3296849914	461.0294741517	0.0024584272	0.1667281382	
Tumor.229	1.5052319355	0.4684240615	42193.8649364999	0.0000001779	5.0358789908	210.6583954047	0.0022076126	1.3106624444	
Tumor.230	0.7161311368	0.4936787609	19114.6505999397	0.0000013113	3.0905647738	136.2717283755	0.0055605824	0.1097369211	
Tumor.231	5.1277401655	0.4228920875	504.8130621900	0.0000361902	1.8239097440	199.0617310659	0.0073868484	0.0337888559	
Tumor.232	8.1779259722	0.1553324082	33700.3723834758	0.0000008727	2.0909767475	256.2948669219	0.0056269312	0.5535195316	
Tumor.233	0.2911063294	1.0957266359	24790.5116293488	0.0000007021	5.5749438345	267.7239674423	0.0031340832	0.1824735831	
Tumor.234	2.6622439845	0.1648578906	8660.7446938982	0.0000086645	1.7140057494	210.5534487900	0.0045354491	0.1275682341	
Tumor.235	1.1716959569	0.3124009138	3554.5202691039	0.0000060837	4.4072136470	415.7546953058	0.0014252944	0.1255911391	
Tumor.236	2.1378836085	0.4027215043	34125.8610042617	0.0000009499	1.5090477689	335.1576287214	0.0071504578	0.2999358234	
Tumor.237	2.5251948916	0.1448808828	3094.9971080070	0.0000283971	2.1317560884	190.3501114462	0.0050736737	0.1325906963	
Tumor.238	7.2277642152	0.2185029012	1288.9397744292	0.0000244159	1.2982317727	351.9003314072	0.0071004331	0.1242324659	
Tumor.239	1.8505180717	0.1526601701	7729.3405449113	0.0000117269	1.3389864367	218.9774450419	0.0046342609	0.1596774057	
Normal.32	6.8736586940	0.3570862270	2224.3128981247	0.0000139758	0.6052237072	594.1857382727	0.0051267752	0.2219558843	
Tumor.240	2.2123830085	0.2814849779	5062.6891537880	0.0000033806	8.2960928303	133.5901263102	0.0045253350	0.8091383818	
Tumor.241	3.5342238235	0.4160056984	1022.1673472410	0.0000174402	1.9700351834	79.1238331794	0.0150723316	0.0642315685	
Tumor.242	3.6838240745	0.3342104845	821.3194542981	0.0000188144	1.6701644674	192.0732541318	0.0136855019	0.0651104401	
Tumor.243	4.8594520110	0.2438474099	27571.0536535121	0.0000005512	2.9102864154	236.4661802650	0.0089618621	0.3897182000	
Tumor.244	0.4019848136	0.5564478179	25321.8431233823	0.0000005742	10.0394342491	108.1303234741	0.0019944901	0.4526910461	
Tumor.245	7.2573426927	0.1632173141	85983.6424451916	0.0000003867	1.1437231954	539.0626428653	0.0052116605	0.3008536245	
Tumor.246	1.9286693173	0.3858579759	4191.9796531682	0.0000054254	2.8817741290	225.7933878525	0.0055912211	0.0665909293	
Tumor.247	1.9684551100	0.4947042705	7581.2827978821	0.0000024518	3.6792561791	172.9324008039	0.0080161463	0.3719655922	
Tumor.248	1.3629537795	0.5636577435	20282.2749534845	0.0000006643	4.6355789171	109.9502226677	0.0080614714	0.4277005364	
Normal.33	6.5857475160	0.3610567982	1659.0715205758	0.0000294945	0.5316930512	514.4312365608	0.0039672750	0.2249938608	
Tumor.249	1.9875776552	0.6192905845	3373.3793060856	0.0000074632	1.7589699610	187.0655269920	0.0057452228	0.0993265998	
Tumor.250	2.5341203369	0.4582667158	723.1655172622	0.0000259821	2.9369139240	147.2826795998	0.0069266824	0.0356885444	
Tumor.251	1.5914371622	0.2788246391	14532.2196146220	0.0000014397	2.9019268582	88.6477085734	0.0128620349	0.0589067983	
Tumor.252	2.7727984180	0.2372648766	947.2446828139	0.0000388318	1.9946241651	226.8644507908	0.0053744312	0.0709351105	
Tumor.253	1.6149384059	0.3856198296	23376.3447007288	0.0000010743	2.1551234407	381.4100182949	0.0034337396	0.3821888213	
Normal.34	4.2202141733	0.4516082105	1410.0759220355	0.0000247661	0.6638942349	622.7057663503	0.0058442480	0.1999329724	
Normal.35	1.6919877966	0.7393502754	6956.2475861976	0.0000024232	1.1828689895	680.6565897655	0.0025311877	0.2658698200	
Tumor.254	3.5627446689	0.2504852037	3071.6016428939	0.0000099107	1.6531480858	245.4210665431	0.0059739131	0.1239997482	
Tumor.255	2.2141061581	0.4223034587	21296.2039194966	0.0000008484	1.9269746536	177.7175189720	0.0070282043	0.0652992257	
Tumor.256	3.4817771371	0.2523238818	3169.4761789423	0.0000116522	1.6569138492	124.1504079802	0.0077145940	0.1087526040	
Tumor.257	5.4096084087	0.4019236717	111945.8853891519	0.0000002882	0.6554539855	386.8127547713	0.0098997297	0.1892300289	
Tumor.258	0.4771521025	1.1695398412	692.8627322224	0.0000148313	10.9651156931	157.0092783624	0.0014882450	0.0626667591	
Tumor.259	3.4011764720	0.2850657841	7839.3130983965	0.0000027872	2.6119821208	100.5247293929	0.0086603807	0.0943227251	
Tumor.260	1.4464344537	0.3779575700	12332.1779762164	0.0000017893	2.7433096629	213.3925988233	0.0017231431	1.3102285093	
Tumor.261	0.9964149847	0.8836431857	4088.1316519672	0.0000018344	3.3589785807	121.1632166621	0.0059547789	0.2770796983	
Normal.36	5.4751984275	0.2691779035	1962.7209425628	0.0000385052	0.5194245457	515.1016704593	0.0037258708	0.2883049583	
Tumor.262	5.1252667619	0.1686870075	38896.2179766793	0.0000020100	1.1077827697	223.5526431773	0.0079088189	0.0586551298	
Tumor.263	2.6803801120	0.3643072688	1203.6197546917	0.0000159691	4.1514874428	118.4145958224	0.0064590108	0.0689705786	
Tumor.264	0.8224533442	0.5586126346	1210.8745313704	0.0000116683	11.0209429268	130.6776596832	0.0026087923	0.0639275420	
Tumor.265	2.4102395335	0.2180411160	611.9266067400	0.0000690082	2.4261018790	85.5051178542	0.0097865734	0.1224435877	
Tumor.266	2.0886580147	0.3469036565	36059.3026420639	0.0000005213	3.4753552667	120.6511491458	0.0118461783	0.0463607516	
Tumor.267	1.2336147262	0.4755178428	1909.4028009640	0.0000045079	118.7061291771	22.5321893932	0.0019188921	0.2642902054	
Tumor.268	2.0078873649	0.3437303758	2914.8489184585	0.0000087255	2.6167014147	100.9637216453	0.0086466830	0.0640333046	
Tumor.269	0.9513970149	0.6743685906	15186.1353302615	0.0000010493	7.7140126828	208.7790196882	0.0012960035	0.7852919386	
Tumor.270	1.1760968607	0.5296269523	22554.0899685341	0.0000008132	9.5383122422	100.1810433972	0.0022970331	0.7510455833	
Tumor.271	9.8807884143	0.1859961346	1429.5576552191	0.0000422587	1.3745177791	265.8662839926	0.0028725556	0.0945912757	
Tumor.272	2.8456511658	0.3901188956	546.7950727327	0.0000169961	6.8933355965	80.0678839901	0.0095875485	0.0728934282	
Tumor.273	3.7151062455	0.3383843564	7692.3620244208	0.0000028909	5.1321320517	114.8546416952	0.0060264537	0.0785363977	
Tumor.274	0.9376554602	0.2487419398	49160.1715881818	0.0000013292	1.7064515269	195.8624010638	0.0042705870	0.2007915414	
Tumor.275	4.0274711018	0.2025422947	1097.7090024070	0.0000518176	1.4783446646	98.6312200483	0.0127879198	0.0976700689	
Tumor.276	5.5404725393	0.2939678647	10263.6543602477	0.0000022381	1.3251014377	176.3479081366	0.0135600885	0.0885280261	
Tumor.277	3.0005665247	0.2975277339	16999.7669556801	0.0000014703	1.6962952572	70.7349181497	0.0253105301	0.0858868864	
Tumor.278	2.2042578121	0.3758958061	31586.7310385355	0.0000007654	1.8614474784	219.4605052901	0.0087380613	0.0458029485	
Tumor.279	3.3317629931	0.3259315125	1765.9349230289	0.0000147863	1.6276357737	177.4785105698	0.0080491449	0.0785719832	
Tumor.280	2.7620364054	0.8162835696	13275.9446685055	0.0000017245	0.9875973365	400.1003993658	0.0069653005	0.2939811607	
Tumor.281	3.1519785037	0.5287079710	942.7837626837	0.0000124495	2.4233883036	183.1827119697	0.0116829514	0.0840672756	
Tumor.282	2.6851848108	0.2427590856	1026.4044598543	0.0000254831	3.2144155183	349.7130931657	0.0019488975	0.0990700960	
Tumor.283	10.8021972199	0.1259993098	2583.4233564401	0.0000138256	1.2066846573	175.8223425846	0.0043544803	1.0225893695	
Tumor.284	2.9658849671	0.2635399733	5532.9094528840	0.0000074518	2.4884832029	245.6584523375	0.0031612459	0.0779281734	
Tumor.285	4.8265830668	0.1947424254	2001.5535623725	0.0000187002	1.5001322921	320.9736759008	0.0068713743	0.1468867459	
Tumor.286	7.1632273278	0.1978684466	1526.7826559848	0.0000139503	2.8974787886	194.1250361982	0.0055171528	0.1716162870	
Tumor.287	2.2367873595	0.1566555358	16349.0850553994	0.0000019997	2.8346759543	350.8751657207	0.0034331541	0.5410363921	
Normal.37	5.0019321109	0.3100430651	1046.2577643280	0.0000482419	0.5974346980	435.7331612029	0.0053213039	0.2489457869	
Tumor.288	0.9246458477	0.2953421006	107363.2134243401	0.0000003452	1.8132770741	252.9732736391	0.0073812832	0.1289278475	
Normal.38	2.7406959114	0.3219922774	1143.9183901514	0.0000298037	0.8267479318	381.0989076340	0.0050854452	0.2438264456	
Normal.39	3.6638051037	0.5807544114	1608.5704525235	0.0000179797	0.4194199502	859.5405863274	0.0073296477	0.1666922247	
Tumor.289	2.3740713303	0.2736763694	821.9018397171	0.0000206242	4.5917512360	228.2879574985	0.0026618494	0.1556637858	
Tumor.290	2.9746377388	0.1982076250	45022.7487586160	0.0000006777	4.2377375043	345.7053115066	0.0025922816	0.6357267970	
Tumor.291	6.4627771375	0.2313234794	2527.6040814908	0.0000043461	3.6647130513	182.8466326720	0.0077049192	0.0732850964	
Tumor.292	3.5814098875	0.2991466360	18428.7547450888	0.0000008329	3.2608577955	361.5686996043	0.0031964755	0.4843843395	
Tumor.293	1.8812485299	0.3405323034	1885.0746394159	0.0000119387	1.9130128278	195.1552638741	0.0091887662	0.0622733128	
Tumor.294	1.8211403631	0.3365381259	52090.2990624865	0.0000002683	6.6322435126	352.4607082436	0.0026457549	0.4413897283	
Tumor.295	0.8793239284	0.3151292855	35214.9496108261	0.0000008013	3.5781619468	158.8719247211	0.0077708735	0.1024335185	
Tumor.296	1.4064723776	0.3884261725	1610.3882882832	0.0000110952	1.4966277516	170.7162004148	0.0089121476	0.1286209819	
Tumor.297	4.0425469075	0.3074753139	1392.3822999271	0.0000228855	1.1130948482	331.5913027424	0.0094641278	0.1403041364	
Normal.40	3.2401531012	0.2464522623	1994.9855483526	0.0000298246	0.6399158408	486.0166833664	0.0047578346	0.2447688338	
Tumor.298	0.0882868114	6.2096974383	2240.9911219978	0.0000020149	4.1196664812	759.0393314277	0.0043988887	0.2714922824	
Tumor.299	1.7731186161	0.3996129790	677.3490621361	0.0000373904	2.0594402322	174.9813403610	0.0058706752	0.0780488777	
Tumor.300	6.6089615123	0.2592147429	222.5300276168	0.0000672571	2.7611977334	168.6546417579	0.0111948321	0.1256583674	
Tumor.301	2.0876702874	0.5354663548	6344.0913010899	0.0000012948	2.8923841735	101.8447973490	0.0116754742	0.0613977107	
Tumor.302	2.6325356674	0.6658050359	6924.3884391551	0.0000032078	1.2932599114	337.2705859638	0.0060680710	0.1092185350	
Tumor.303	2.6136900576	0.2726488317	16827.3071092614	0.0000014462	2.1716112827	102.4703420763	0.0127399807	0.0643916666	
Tumor.304	2.0013534190	0.2632511215	47442.8831403922	0.0000007518	2.3440892973	228.0310059495	0.0041429248	0.1755609066	
Tumor.305	4.5364378054	0.1589319898	7921.4963890603	0.0000039185	1.8528662196	456.4955444200	0.0052267488	0.3171444381	
Tumor.306	2.0566172601	0.3193635967	384.9502278939	0.0000563242	3.3521525129	114.1638237540	0.0063649812	0.1702336817	
Tumor.307	1.3497350294	0.2943065385	482.7556320374	0.0000447432	2.5545734441	261.4694763805	0.0051797557	0.1714212345	
Tumor.308	1.2954912297	0.4182443460	133.3802434468	0.0001204400	3.7321277172	84.5882756567	0.0106186133	0.0655755762	
Tumor.309	5.7013818204	0.1268946784	57404.5467492337	0.0000010925	1.4336824797	251.7835939344	0.0068149297	0.1453781169	
Tumor.310	2.4255560616	0.3700759201	532.5665421372	0.0000637606	1.4735966142	82.8511001345	0.0113271833	0.1058890415	
Tumor.311	0.5283022370	0.5798855876	15790.1177298248	0.0000006169	7.1326024690	154.8099095003	0.0061302385	0.0704626873	
Tumor.312	0.4503350927	1.4005050720	15657.9344856531	0.0000011388	12.3144043809	67.7884672426	0.0011281888	0.7389476082	
Tumor.313	5.2217427639	0.2232895280	3266.8312657306	0.0000072892	1.8233954003	434.6543521516	0.0031561273	0.1463166402	
Tumor.314	1.4093780175	0.2574981796	5051.8712955411	0.0000079115	1.8967200023	201.4362202548	0.0063227586	0.0812634145	
Tumor.315	1.0940477176	0.3106459226	20527.9994533368	0.0000018228	2.9760177616	286.1730040516	0.0016724520	0.1240933814	
Normal.41	3.8656804326	0.3645271085	1088.7251680911	0.0000305250	0.9910986038	708.5276063868	0.0045159565	0.1655309492	
Tumor.316	9.8731431750	0.2788981335	93793.9582387182	0.0000010477	1.9539079006	322.2635626513	0.0058847773	0.0313497238	
Tumor.317	0.4281031067	2.2980574919	31272.9148528691	0.0000004420	4.9499337290	364.7676231335	0.0012937012	0.5705695469	
Tumor.318	8.0867724800	0.3427534380	1057.3605292176	0.0000290567	0.7539232281	337.1259792023	0.0085332499	0.1384817068	
Tumor.319	4.3571959300	0.1911871582	22085.8688836247	0.0000016429	1.8117914810	345.9516957864	0.0044458617	0.1134733096	
Tumor.320	4.1852726041	0.3652837755	3986.7011703039	0.0000032323	2.7997962781	98.5510242993	0.0143243658	0.0371241527	
Tumor.321	6.9925179623	0.2593872786	403.2712417033	0.0000318866	3.6909849407	179.1649330923	0.0076848449	0.0781575927	
Normal.42	15.4202656605	0.1190230811	2020.4736612284	0.0000515540	0.4221718592	424.7516037767	0.0084298584	0.2498036678	
Tumor.322	3.0520781015	0.2872952425	36545.4335039936	0.0000009342	2.2135931380	363.8274191044	0.0062510713	0.2695895686	
Tumor.323	1.8092378342	0.3144728327	1943.9622407285	0.0000075584	2.2605706441	609.2463911713	0.0016108815	0.1966246195	
Tumor.324	2.3495717266	0.5695178680	5366.1959324071	0.0000065416	4.8446274566	99.0563638735	0.0023961533	0.1029120889	
Tumor.325	0.7967849855	4.3548761078	18996.9004065166	0.0000002257	19.4410691435	287.4752687836	0.0006820464	0.2582841852	
Tumor.326	2.8972672999	0.2313925080	1774.7419625317	0.0000120658	2.8437892232	279.6080051500	0.0057868578	0.1624898234	
Tumor.327	3.1839073979	0.1744711528	3988.7007529220	0.0000080973	1.5739843268	210.3213505184	0.0093749023	0.1358199633	
Tumor.328	1.1904975159	0.5787865377	3633.7029198483	0.0000041278	3.2150112820	162.1729294530	0.0095049723	0.0599654233	
Tumor.329	1.0132982383	0.3281972782	34232.1308895403	0.0000012356	3.6467210482	94.0573112999	0.0067459709	0.1404204329	
Tumor.330	2.7324134789	0.5475156846	200.6070271883	0.0000166253	3.6725638533	72.5869052754	0.0139583661	0.0443630846	
Tumor.331	2.9336812690	0.2227693858	6470.7868030869	0.0000054449	1.9117400131	238.0123786937	0.0056856741	0.1155439129	
Tumor.332	0.9414514500	0.5876915413	1577.5833387574	0.0000110770	3.8949454177	111.5862969423	0.0067093799	0.1683184467	
Tumor.333	6.4987234498	0.1308206249	81173.5573855706	0.0000005778	1.1931590838	422.1958443675	0.0059430440	0.2702270711	
Normal.43	7.2531642808	0.1497438790	2461.9951039888	0.0000412021	0.3929969329	469.5910187380	0.0063150828	0.3383636303	
Tumor.334	2.2899183699	0.3099706781	6379.8829508279	0.0000046242	1.8043223109	427.7019647110	0.0060180599	0.3143358309	
Tumor.335	2.0413129498	1.2482864987	1666.1050342511	0.0000043779	24.7658401977	49.7898809045	0.0019397961	0.2663164150	
Tumor.336	0.8479349802	1.0029229108	2867.7168058690	0.0000040641	1.2977642199	582.5830448464	0.0060184936	0.2152015287	
Tumor.337	1.1282112085	0.2503457953	15869.1572722568	0.0000032253	2.0474616384	135.7757840768	0.0066812707	0.1583864978	
Tumor.338	1.2852013275	0.2339397172	28181.3968687310	0.0000010135	2.6775029164	241.8147775973	0.0061727014	0.4139466179	
Tumor.339	1.9460185586	0.4374139017	1380.6182542858	0.0000119057	4.9991264031	151.4482829867	0.0039184936	0.1914126491	
Tumor.340	2.2737928727	0.3365500885	40316.8984481327	0.0000005197	2.0314694123	137.6472390237	0.0106803329	0.0782889276	
Tumor.341	6.0588587471	0.0550366446	5373.7160305577	0.0000046038	6.0571806172	207.8339306847	0.0031288234	0.8795440555	
Tumor.342	3.9999141617	0.2904202667	3770.6587191196	0.0000040916	2.3210641202	112.4019187559	0.0141112355	0.0753091570	
Tumor.343	5.0465848161	0.2939121022	771.6687088755	0.0000164121	4.5703059706	137.9175540677	0.0061466628	0.0748251481	
Tumor.344	2.2459201324	0.5112341475	1880.2291673514	0.0000082175	2.0631164228	107.5604481626	0.0137503245	0.0894769445	
Tumor.345	2.0791987788	0.4931061419	8033.9129781931	0.0000018263	2.3748431914	637.9911025912	0.0021305254	0.5424466463	
Tumor.346	3.6614937838	0.2275859286	17842.4612986067	0.0000034945	0.8083588730	254.6308197483	0.0126664302	0.0642417206	
Tumor.347	4.6035299364	0.1809617532	632.7845555460	0.0000462731	2.3477635983	207.7979132539	0.0059035541	0.1245602149	
Normal.44	0.9454604385	0.7604451562	427.8241346776	0.0000281134	1.4626825286	535.6662915772	0.0021888350	0.2703156571	
Tumor.348	4.5834777871	0.1492024412	680.5206603967	0.0000434668	2.2891612275	192.7572277625	0.0047132422	0.1229187735	
Normal.45	6.6391023882	0.3209582022	1360.0682363506	0.0000259507	0.4553637102	550.1936424945	0.0062127249	0.2490011747	
Tumor.349	2.6300041255	0.2967737325	7267.1387082612	0.0000050146	1.1202752234	389.7014587141	0.0055203145	0.1623438239	
Normal.46	0.7437832546	0.8459188029	9788.9552235760	0.0000014357	3.1923754090	415.0925923138	0.0020270390	0.3652639027	
Tumor.350	1.7797504137	0.2700703741	1489.1980015496	0.0000208717	1.6354675446	86.8432333633	0.0118614062	0.1296499059	
Tumor.351	2.9338349815	0.2737340047	812.9824194273	0.0000125426	3.7669391057	166.4924181728	0.0094277345	0.0807749710	
Tumor.352	0.6540370234	0.3549809160	3275.1970998642	0.0000091880	3.1305647344	124.3522256526	0.0056927148	0.1793835339	
Tumor.353	1.6037297369	0.8858434803	7318.4674414126	0.0000020162	1.0362449339	356.8558388815	0.0058271802	0.3697647000	
Tumor.354	3.6862500487	0.4055945516	2032.6571172472	0.0000065856	2.7718557472	291.8109211466	0.0145703314	0.0142696668	
Tumor.355	7.8260439688	0.0757408095	15822.0628614001	0.0000046341	1.6492041407	219.5161141679	0.0157398988	0.8651245447	
Tumor.356	3.9872083331	0.2881375420	3843.9257816940	0.0000062185	2.3514648261	436.0006680376	0.0034143067	0.3342945836	
Tumor.357	1.6598075897	0.3434875588	7247.2469999004	0.0000032394	3.2929305572	127.7462626798	0.0072943133	0.1040332516	
Tumor.358	2.8186992994	0.2846770420	8353.7952064236	0.0000048084	1.2199876321	196.3331728447	0.0094897266	0.0821068179	
Tumor.359	2.2555771981	0.3071427649	2700.3181408448	0.0000120447	2.0871171654	125.1666545023	0.0086326345	0.0891456296	
Tumor.360	0.8260606559	0.9587450481	253.4813220227	0.0000213483	5.9663271670	135.2872783648	0.0054523123	0.1189539279	
Tumor.361	5.3791625676	0.2359846733	3835.9619297805	0.0000079446	1.5832674955	172.7733061902	0.0091649064	0.0701434708	
Tumor.362	2.4048406089	0.5744718742	1861.1864513171	0.0000070764	4.9216496189	149.9339686658	0.0050141692	0.1060103412	
Tumor.363	5.1083027619	0.1773712386	27093.2229694458	0.0000011875	1.2534197014	111.0612743059	0.0218430976	0.0811441814	
Tumor.364	0.9673538868	2.6107842461	14646.7232380214	0.0000002506	4.7097609422	281.9309807890	0.0033157853	0.1281684626	
Tumor.365	0.8153083361	0.8951527886	8554.2544769692	0.0000027099	1.6387233722	476.3703582255	0.0023822491	0.1103575316	
Tumor.366	0.4654181611	0.8768719436	28818.0452303356	0.0000004226	5.7751287855	108.5244691529	0.0068680691	0.0672022884	
Tumor.367	2.3543324963	0.3071928702	1594.3390627671	0.0000153347	1.4928225603	154.7548186496	0.0089813774	0.1143457338	
Normal.47	3.0676191577	0.3088203184	677.0230730998	0.0000669284	0.5252930904	438.7381982623	0.0051462738	0.2331890489	
Tumor.368	1.8869164738	0.4585820289	8655.3049523870	0.0000008905	5.6687161968	182.1146195730	0.0074845998	0.2342514824	
Tumor.369	3.2792579663	0.3936362956	37217.4901569324	0.0000006202	1.4261153207	451.5671429593	0.0052887421	0.4048171112	
Tumor.370	1.3733248286	0.2855219272	26909.4975426420	0.0000012480	2.2021475229	109.7991840605	0.0101245290	0.1408354936	
Tumor.371	1.0719616444	0.8836745042	1630.0833728474	0.0000044986	8.1425973513	331.4929668349	0.0024096126	0.3448813872	
Tumor.372	1.0441465355	0.3329593012	4957.6789118419	0.0000064066	3.3303155137	90.7486275702	0.0076619369	0.1761294183	
Tumor.373	3.7809094519	0.3087901353	4572.2892370359	0.0000052211	1.7673658456	267.3151814476	0.0057136874	0.3178990026	
Tumor.374	1.0052913922	0.2085342904	3414.1622920186	0.0000284288	1.5537094448	155.2835448675	0.0054720836	0.1668969435	
Tumor.375	5.1592058260	0.1364846085	45864.1813018562	0.0000010082	1.8410427061	491.3144421758	0.0033337795	0.5074035848	
Tumor.376	0.4596329797	0.3819798548	96072.3956260620	0.0000007177	1.5889965739	219.2141016862	0.0039149924	0.1806541625	
Tumor.377	2.4796671862	0.4608723129	13888.2725144997	0.0000009854	2.2571467258	890.8760733790	0.0008134976	0.7303072669	
Tumor.378	2.2533954904	0.1446382137	3767.2767780629	0.0000078939	4.1768924173	169.9495004967	0.0036535021	0.1005685369	
Tumor.379	2.6806439255	0.4205811388	935.4971348306	0.0000240106	2.1789790274	194.0101378641	0.0050343107	0.0902256751	
Tumor.380	1.2217473738	0.3401059923	1050.5535697727	0.0000226922	2.4046678039	72.5751686541	0.0122768307	0.1185618838	
Tumor.381	5.0168753821	0.2190028461	16215.9841891288	0.0000025025	1.4415394906	285.7399872413	0.0058701156	0.0681236424	
Tumor.382	0.5559679900	0.5985683452	9776.1164691007	0.0000025333	1.0623472478	311.0408250752	0.0045115338	0.5009073057	
Tumor.383	4.8967881031	0.1659429448	898.9423442394	0.0000687602	1.2978893635	186.6209561809	0.0077835808	0.0995497226	
Tumor.384	4.9236941438	0.2767772590	1846.4710485116	0.0000135220	2.2155162691	281.8649381443	0.0117740253	0.1462545953	
Tumor.385	1.6285939646	0.2786870722	7336.9830026753	0.0000043296	2.5639590698	122.0058977924	0.0075514659	0.0949984752	
Tumor.386	1.7811491862	0.3997855383	2067.6582948843	0.0000127451	1.3987251038	98.1597682733	0.0114837261	0.1272504240	
Tumor.387	1.7444648811	0.4014986335	4227.4791960268	0.0000029923	1.6508965440	512.0282517215	0.0020546984	0.3866221103	
Tumor.388	3.1922555139	0.1704347056	4544.4402412391	0.0000145819	1.1014383466	262.5971162406	0.0066626328	0.1131662771	
Tumor.389	0.8637514145	1.6562637365	828.7443794694	0.0000073686	1.9809744903	409.7318093328	0.0039081728	1.3901976149	
Tumor.390	0.7633774951	0.7600010416	16348.2416815482	0.0000010319	1.3194879500	558.4252087837	0.0032165431	0.4563455862	
Tumor.391	1.3409075765	0.1986598025	2024.9437233896	0.0000227891	2.5160951700	133.5852468356	0.0061979479	0.1322608268	
Tumor.392	0.8333186007	0.5006626327	16237.0190290834	0.0000015135	6.0039029630	84.5952093848	0.0055767193	0.2104451680	
Tumor.393	3.1305539552	0.4246270813	3547.2777261806	0.0000046808	2.9595176216	190.7027440432	0.0055016658	0.1352269766	
Normal.48	4.1296445151	0.2890149554	3152.9933866148	0.0000223442	0.8025617240	377.5722565336	0.0053322524	0.2242650333	
Normal.49	11.1727689609	0.1958028536	2479.8361687635	0.0000216974	0.5496377067	441.9325533400	0.0073100677	0.2609269072	
Tumor.394	1.3459453482	0.1041368912	45098.5598498564	0.0000011846	4.0029183752	126.3464619695	0.0054428776	0.1734470432	
Tumor.395	1.4732448861	0.3485153003	10220.3165051561	0.0000034517	1.7002549164	236.2493122612	0.0046588116	0.1981548338	
Tumor.396	2.9525998330	0.3364709001	1845.9703161763	0.0000137196	2.5588069376	273.4291016308	0.0043567878	0.0338896748	
Tumor.397	1.4984243977	0.2483041676	7752.1101136165	0.0000063227	2.5618740633	63.0003616120	0.0125413883	0.0792335861	
Tumor.398	1.6059855087	0.2817020660	1084.5100033455	0.0000150329	16.2126016172	106.0112529475	0.0018784958	0.1652512785	
Tumor.399	1.1458748551	0.5016313531	25400.2638404937	0.0000007471	7.9257883638	103.0235616487	0.0029837804	0.1084582496	
Tumor.400	5.2003482674	0.3529078607	4710.5485161759	0.0000029524	1.8468710141	443.5841567409	0.0032397665	0.1716165685	
Tumor.401	1.1758468848	0.3698237254	1486.2250601481	0.0000184823	2.6857665126	199.5534230236	0.0055785336	0.1237662921	
Tumor.402	0.4777839374	0.7049444914	5906.0251171159	0.0000026620	2.9208130873	174.4214451546	0.0036823666	0.4569008017	
Tumor.403	2.4849203062	0.2934780535	2461.6444817291	0.0000126778	1.4160900171	189.0899205490	0.0091993371	0.0866449085	
Tumor.404	2.0897834757	0.1926645316	4887.6635359107	0.0000105433	2.6895251371	245.0678609716	0.0037183197	0.0889465368	
Tumor.405	9.2015400079	0.2077558809	4144.6006440788	0.0000036511	7.0338349729	51.9055832865	0.0157337038	0.0991976124	
Tumor.406	0.6328160355	0.5648389869	368.0388639469	0.0000364299	6.7321522175	75.0732103525	0.0049307060	0.1341977489	
Tumor.407	1.6716425412	0.1368329504	6223.4911476402	0.0000135590	1.6158173032	181.9886098264	0.0056696958	0.1984609879	
Normal.50	5.5078387377	0.2042854021	3686.8879630396	0.0000137437	0.6718405115	578.5437333900	0.0037209751	0.3673450453	
Tumor.408	3.4673456028	0.1380871244	60928.7875944350	0.0000006458	1.8275120544	542.2510675256	0.0035581869	0.5737142923	
Tumor.409	1.9936544530	0.2315325583	922.9910618656	0.0000280391	2.7797542448	54.6634139118	0.0244776050	0.0618710224	
Normal.51	7.4595868500	0.1852312194	2649.9030445160	0.0000174192	0.7848252563	285.4810370001	0.0069732037	0.2202557179	
Tumor.410	1.2209669932	0.5004808845	7909.2510760400	0.0000016151	1.5222940742	119.3487854686	0.0136784984	0.0878818627	
Tumor.411	2.4525499902	0.1454411474	3434.6056173392	0.0000118712	2.1429296296	89.6573038497	0.0163211855	0.0950802879	
Tumor.412	1.2006710716	0.6712186231	3537.2742231052	0.0000038101	8.2826595659	145.4063861963	0.0027911337	0.0888208759	
Tumor.413	6.4798627613	0.1975904310	1683.4216116929	0.0000139411	2.6216875165	285.4147542754	0.0079074498	0.0498383705	
Tumor.414	3.8676822892	0.1855056854	748.3879633854	0.0000376025	2.0844608006	242.8189358059	0.0060773541	0.1190586082	
Tumor.415	2.1329298070	0.1707547758	9799.9426262912	0.0000030782	2.3328788900	181.0514763056	0.0062586678	0.1080550815	
Tumor.416	1.8012126520	0.3299485496	1886.9143959492	0.0000106837	2.6686170219	87.6537105651	0.0097021296	0.0960466200	
Tumor.417	1.8186107611	0.2928738492	2278.8429198951	0.0000109683	1.3186616466	256.9283599997	0.0069329599	0.1157442074	
Tumor.418	2.4128394527	0.3444679714	722.7867277139	0.0000351303	1.4860655175	191.6931578121	0.0086249042	0.1851240985	
Tumor.419	1.2136550378	0.8609854825	16460.5744139157	0.0000009650	5.6984287294	73.3557645231	0.0057441099	0.1458648352	
Tumor.420	3.7759746367	0.4759172415	1218.6452022291	0.0000196782	0.9114215483	301.7196916275	0.0094082686	0.1285900330	
Normal.52	5.4566481934	0.4310338836	1789.7293025247	0.0000214482	0.5675903610	617.8884696889	0.0053742583	0.2005290025	
Tumor.421	3.3063749272	0.2529963316	4297.7897766895	0.0000107279	0.8424190112	341.5017131741	0.0044176745	0.2506558867	
Tumor.422	1.6787726662	0.4115325064	26479.7559583644	0.0000007027	5.7330727234	50.1042320487	0.0090386245	0.0975197984	
Tumor.423	5.2786602454	0.4784665785	22049.9786400682	0.0000008198	0.9543646246	671.0813595406	0.0040963392	0.3242073065	
Tumor.424	4.2145503825	0.2007194619	3229.5948982715	0.0000082991	1.3110225517	221.5452354402	0.0141691620	0.0438147133	
Tumor.425	1.6082762434	0.4367605498	126399.2021593851	0.0000001259	3.0526744970	319.8752725862	0.0035757123	0.4764452175	
Tumor.426	1.1604210417	0.3381141885	544.5707241816	0.0000712734	1.8239176665	154.1327215732	0.0054683434	0.1487954492	
Tumor.427	3.4238754425	0.2385734196	78397.9705233125	0.0000001563	4.5226279399	348.2493654174	0.0026921805	0.4357187263	
Tumor.428	0.6912314452	0.4758976846	16017.5903271011	0.0000015896	2.5945890419	107.1996057060	0.0092167015	0.1361615539	
Tumor.429	1.9897822260	1.8218927011	3030.4971501240	0.0000016028	1.5600265832	226.4998365805	0.0067143109	1.8178695772	
Tumor.430	2.3133201704	0.2655189655	16608.6539755847	0.0000022098	1.7939128150	221.1239083248	0.0038228205	0.1811949275	
Tumor.431	1.7253044151	0.5607529400	1689.6464745647	0.0000063130	3.6617082427	292.2733937477	0.0048261546	0.3965818723	
Tumor.432	2.4695180725	0.2035609070	15424.1919082987	0.0000015479	2.0588163738	106.2309006114	0.0081334755	0.1103198124	
Tumor.433	1.1864348700	0.3287091317	702.4231823991	0.0000385792	3.0075163421	95.6045147564	0.0103409039	0.0723506568	
Tumor.434	1.8769392376	0.3175424751	1764.1167019552	0.0000178570	1.2454789842	162.5772359427	0.0103068100	0.0917551727	
Tumor.435	3.9370706127	0.7209894984	27148.8139788616	0.0000005103	2.1318999191	405.7214459200	0.0062469217	0.2744791189	
Tumor.436	1.5334602431	0.6346352356	3887.1644305037	0.0000018223	7.4663713346	168.8672602380	0.0022544526	0.1455843871	
Tumor.437	0.1781826575	0.4334760091	50794.7419001827	0.0000006658	3.0573962752	257.0920477344	0.0014402893	0.4590094603	
Tumor.438	1.0405730146	0.3142375161	26227.7624234631	0.0000005295	2.5116938830	288.7392864979	0.0057659821	0.1365525471	
Tumor.439	2.9446963721	0.7953618869	26350.7723178889	0.0000005979	0.9188762004	503.8582164071	0.0100301601	0.1607956487	
Tumor.440	5.9330030338	0.3081927568	8477.6599257044	0.0000020310	1.6608779220	210.5325194558	0.0132603657	0.0372950419	
Tumor.441	1.0842788940	1.0916429537	74442.5549010110	0.0000000688	37.9258248534	50.6547626831	0.0015908655	1.2091105222	
Tumor.442	2.5661794005	0.0701198945	166186.9699099020	0.0000004185	3.3683248307	273.4286244265	0.0041045266	0.1413182626	
Tumor.443	1.1385168156	0.3886169586	5057.0718400838	0.0000045646	3.5778296746	97.0008370183	0.0129805724	0.0571899502	
Tumor.444	0.6961556396	0.4841091533	5071.4271298914	0.0000046519	3.2686024934	80.0385640617	0.0086134128	0.1534786982	
Tumor.445	5.1440522558	0.2223809393	41459.2779103689	0.0000006900	2.1861315988	442.7827057916	0.0031611440	0.4742929383	
Tumor.446	1.0326401947	0.4035321555	33226.4894878193	0.0000009729	2.7292845558	122.1037632878	0.0063200727	0.2372339115	
Tumor.447	3.8054296929	0.4280040912	1750.4854854040	0.0000132871	1.0075849040	222.3223812961	0.0081014850	0.0609274643	
Tumor.448	3.9110692749	0.1896621675	11590.5001619770	0.0000042929	1.0960638892	314.6444248040	0.0064576854	0.1057208546	
Tumor.449	2.8386939229	0.5937877348	16124.8559112321	0.0000016734	1.8934914709	189.9992706032	0.0075288914	0.4376319893	
Tumor.450	3.9277521278	0.1667476504	30858.5817758436	0.0000012600	2.6646231463	205.9090023450	0.0064438487	0.1339379734	
Tumor.451	1.8750537865	0.4310795087	18985.4529650561	0.0000009111	3.9346594609	287.5403801686	0.0059579821	0.3279005438	
Tumor.452	3.7148336648	0.5955494536	10233.2307981914	0.0000023316	2.4162240430	120.4492153581	0.0057404781	0.0463808919	
Tumor.453	0.4265970333	1.5131094247	323.4170212388	0.0000185978	25.3225199704	162.8727400476	0.0004637991	0.3593582275	
Normal.53	4.2168992044	0.4024372651	1621.5557496593	0.0000320454	0.4875090868	301.6168171439	0.0074518172	0.3111801355	
Tumor.454	9.4966320227	0.1494567652	10550.5436178067	0.0000014286	2.4519332670	113.0431926577	0.0155554855	0.0514709128	
Tumor.455	3.2116292390	0.4809934708	825.3868038012	0.0000186705	3.5456455919	174.3425878610	0.0049330964	0.0839120073	
Tumor.456	1.6351419690	0.4761896852	5088.2387069317	0.0000027731	3.4323504831	209.0647475344	0.0029568427	0.0836329011	
Tumor.457	3.9268559679	0.5064983045	3386.1345430592	0.0000032945	2.6396190485	186.5162216860	0.0068750847	0.0564446872	
Tumor.458	4.6322164473	0.2435813651	569.2246220528	0.0000498007	1.8646399801	266.3795721644	0.0041182581	0.0991322734	
Tumor.459	2.4237624171	0.2910464855	11238.9782634176	0.0000020595	2.5847037037	159.4790537693	0.0057194737	0.0970732147	
Tumor.460	1.5792423703	0.5552748838	30917.8377586769	0.0000008462	2.6247217497	162.8028072948	0.0072345936	0.0580214443	
Tumor.461	0.9739015403	0.8028224145	7360.2355882023	0.0000011591	5.1050048142	304.4059371074	0.0028448953	0.1680105553	
Normal.54	3.0285966928	0.5974672120	2721.2136878983	0.0000098217	0.7263449835	463.1639027811	0.0066110142	0.1781590266	
Normal.55	3.3007945509	0.4470853090	1159.8567240184	0.0000217568	0.8332919249	462.8778662620	0.0054139002	0.1576915050	
Tumor.462	2.6072254850	0.6427462244	425.0378855394	0.0000262342	2.4192137681	100.8505511159	0.0149732256	0.0369903989	
Tumor.463	2.1810370896	1.2695306569	31179.6509534088	0.0000008855	1.7202833576	178.2228754487	0.0066244306	0.6063402163	
Tumor.464	4.8698005163	0.2709486687	1857.3042162630	0.0000219115	1.3617089219	224.3213062497	0.0054868933	0.0947703061	
Normal.56	1.6522306805	0.9624861579	4032.0353329253	0.0000089317	0.5828896044	608.5941912797	0.0017929943	0.3038107553	
Tumor.465	1.1280394642	0.3113552920	1224.8469962580	0.0000171922	2.3715258467	83.2268512160	0.0160052337	0.0743171299	
Tumor.466	2.0280677208	0.3766073951	52819.0183094124	0.0000006008	1.3196407833	99.4069746203	0.0119283388	0.1037927804	
Tumor.467	3.2200927608	0.5012069265	3554.4005210018	0.0000078187	0.6373486046	444.6236885795	0.0050842687	0.1767468586	
Tumor.468	0.6886870437	0.5579906386	7893.0813481345	0.0000037753	2.8628338180	99.5961739240	0.0058690953	0.1317108667	
Tumor.469	3.7540529989	0.2579858966	14644.3983164077	0.0000012025	2.9298231248	180.9422818411	0.0096163651	0.0427247907	
Tumor.470	6.6727560289	0.1928221791	4714.7986218039	0.0000032608	1.7030078453	237.7752406173	0.0106488803	0.0675644428	
Tumor.471	1.3676068391	0.2778667226	41903.7410784127	0.0000010350	2.4093764742	189.9630938959	0.0069044470	0.0906403772	
Tumor.472	4.7339608793	0.0987973145	85964.5416725598	0.0000004545	2.3040634380	318.3895173165	0.0049996525	0.5820531868	
Tumor.473	7.9871584592	0.0971649180	16402.9792083904	0.0000037050	1.0285549227	368.0895011208	0.0064466742	0.0978146155	
Tumor.474	1.3153114632	1.0562199928	1568.4444244313	0.0000055198	2.8303285018	41.9359544524	0.0471429966	0.0378952103	
Tumor.475	0.3654380691	1.0505972544	77588.6856930791	0.0000001694	3.7361101615	719.9061014941	0.0005241557	0.5771071190	
Tumor.476	10.4043777895	0.1917540209	12071.6284481451	0.0000048788	0.8301068535	231.3003946402	0.0097046867	0.0799967217	
Tumor.477	3.8023387700	0.3910276693	3012.0153458304	0.0000039020	4.3849121831	163.1371763249	0.0027904865	0.5283658620	
Tumor.478	3.2935714813	0.3078053908	1603.2898551297	0.0000170798	1.0581283159	410.3778592876	0.0074381374	0.2164455160	
Tumor.479	1.5026866360	0.3291080122	1215.9722874640	0.0000238073	2.9587801495	142.4704006101	0.0055052899	0.1309559094	
Tumor.480	1.8181392507	0.1572392317	41874.4907332442	0.0000013840	1.4091557944	166.6524710012	0.0095197485	0.1476473068	
Tumor.481	0.5232048800	0.4683843626	56279.7292464518	0.0000001653	6.9719153599	320.6322443567	0.0016772254	0.2997432329	
Tumor.482	1.6092403965	0.3603172375	7547.1111164341	0.0000019405	3.4799828190	611.2789501799	0.0024935175	0.1044562437	
Tumor.483	4.0136126317	0.2705005664	81400.1202540101	0.0000003303	2.4210408503	245.1538296226	0.0066817792	0.0325731311	
Tumor.484	10.6905887301	0.1469721076	5494.4062660261	0.0000075553	1.1457088770	364.1458983759	0.0089383328	0.0783290932	
Tumor.485	4.3804125333	0.3311573817	1303.0875491049	0.0000343086	1.0676565916	240.6151994292	0.0067858739	0.1026014146	
Normal.57	4.3564119096	0.4653690603	1227.3039806276	0.0000322267	0.4734633107	561.6441851288	0.0071338326	0.2029856362	
Tumor.486	1.3663112460	0.3180285749	4988.7471230707	0.0000033049	3.6399714279	401.3607339365	0.0011668576	1.0310039832	
Tumor.487	0.3151783027	1.5696285783	53630.4412558612	0.0000054457	0.7261753371	251.6841860032	0.0008356688	0.1700965871	
Tumor.488	1.7309671766	0.3059419370	622.7157919450	0.0000282823	4.6805475399	144.0962590448	0.0059112501	0.1427994863	
Tumor.489	1.1266373086	0.3812962956	43874.5295123674	0.0000009792	1.7799144993	261.6562075677	0.0078519427	0.1124580107	
Tumor.490	0.4241358086	2.4296254808	207.5358652174	0.0000715487	1.8041951875	250.2172572075	0.0086223822	0.0583589176	
Tumor.491	2.0143697043	0.2763027073	7906.3695726326	0.0000086215	1.4345404595	207.5676085771	0.0052808206	0.1001515764	
Tumor.492	1.6823835932	0.1623188590	2867.5683250173	0.0000282618	0.6900595109	295.7958376274	0.0130927553	0.0833028557	
Tumor.493	2.2263808774	0.2830346360	263.5180510510	0.0000626019	5.0570889174	232.7425951998	0.0017110001	0.2722991760	
Tumor.494	2.2920579122	0.2875610761	6460.2503256486	0.0000052954	2.1570429292	120.4118050292	0.0082301231	0.0705398140	
Tumor.495	1.6504334163	0.2138954810	43716.3141528895	0.0000007328	3.7856904839	250.6353452176	0.0044969313	0.1905700609	
Tumor.496	2.5894030617	0.2492159781	5694.7518607404	0.0000096825	1.1043663958	136.8160145701	0.0132774334	0.1207264484	
Tumor.497	2.1042683788	0.1679125745	16737.5065154172	0.0000038413	2.5914257786	238.3320359747	0.0038811115	0.0647114190	
Tumor.498	2.7922753715	0.2904172430	7133.2884047253	0.0000037061	1.4207347751	110.0955810359	0.0164600706	0.0774058733	
Tumor.499	1.3854542914	0.2929280058	87214.4648760031	0.0000006156	2.5563321110	181.5699755713	0.0053168222	0.0903763916	
Tumor.500	4.2973135702	0.1909687903	2253.1897822942	0.0000115235	2.8530521090	134.4957923121	0.0105424013	0.0515376347	
Tumor.501	3.5548942141	0.1840463674	9342.7159352030	0.0000030179	3.8049633571	183.8654921696	0.0045900067	0.1189667185	
Tumor.502	1.4210006252	0.2897756093	2819.2777685038	0.0000056931	3.5812709406	89.2589986941	0.0092298171	0.0621639805	
Tumor.503	3.9856997525	0.2564802122	3510.3301590354	0.0000083742	1.6772734271	130.6482150907	0.0223833894	0.0505372892	
Tumor.504	0.8320809168	1.8075103877	993.4724457599	0.0000029265	5.9506968576	39.8735216496	0.0113359956	0.0409378581	
Normal.58	5.7193691190	0.3246511155	2398.1242464578	0.0000254300	0.4188982694	464.1836134147	0.0072879647	0.1928105217	
Tumor.505	0.6850706917	0.3432092844	3207.6838535577	0.0000093448	2.7298984291	142.7143366229	0.0048482164	0.1483706386	
Tumor.506	0.8440480366	0.3463486963	41695.2795498323	0.0000005318	2.6384686162	162.7770584287	0.0059468831	0.1278960853	
Tumor.507	6.4810340786	0.3305347881	31369.3129584986	0.0000008381	1.2707390093	300.4565424999	0.0075527026	0.0715547522	
Tumor.508	0.9903523089	0.3986902871	9504.6038608980	0.0000024452	2.0227056685	90.1483337372	0.0129663598	0.0971732985	
Tumor.509	3.0548002143	0.2447961066	2743.8264507033	0.0000112256	2.0012068889	157.9970933358	0.0065335371	0.0972481736	
Tumor.510	2.1214029521	0.6383513699	847.7315863653	0.0000129894	2.5696958717	368.2975329183	0.0032080308	0.3516029217	
Tumor.511	2.7423370902	0.5010298119	387.9807130592	0.0000544258	11.2913959757	41.2690075743	0.0036496327	0.1319709339	
Tumor.512	2.7416171084	0.2235701289	18874.7308957348	0.0000039650	0.9042242362	252.0358947196	0.0086812231	0.0587232708	
