Tumor	0.6156981193	1.5583125635	580.1871947911	0.0000319622	1.7841079199	135.2264566794	0.0175421335	0.1435394013	
Tumor.1	0.2601064742	2.1564460616	218.5617497358	0.0000273026	5.1967798912	210.5426640197	0.0111556466	0.0971664259	
Normal	3.7520599593	0.4111616637	57.6452090964	0.0004446642	0.3240492885	366.3334598480	0.0320213385	0.0599812350	
Tumor.2	0.8228640322	0.9133794554	600.8793518232	0.0000356147	1.1694404967	487.6357942319	0.0094073647	0.1429805691	
Tumor.3	0.4218032385	1.6526123089	142.0604698854	0.0000918176	2.3673281779	119.7144720057	0.0326440443	0.0746746323	
Normal.1	2.3856215800	0.3361449580	205.7464386381	0.0001236345	0.5958796305	218.5292591965	0.0296616526	0.0867414762	
Tumor.4	1.5207367469	0.7415659073	542.4674485403	0.0000526240	0.8847152392	533.2939033885	0.0102453383	0.0876265209	
Tumor.5	0.3910953491	2.2630032592	727.0053466583	0.0000342123	1.4565952594	132.6762526627	0.0205949128	0.1019954129	
Tumor.6	0.8715382783	0.9348737049	510.0431256334	0.0000256147	2.0027679002	328.5662427092	0.0080275219	0.1397031685	
Tumor.7	0.9216191784	0.8677489425	689.6908992085	0.0000265916	2.1605863961	233.0753509616	0.0139901742	0.0851161176	
Normal.2	2.2478632124	0.2052426183	569.9234538911	0.0001081103	1.0002207105	225.9134992400	0.0155066395	0.1171795560	
Tumor.8	0.0950242612	8.2939773542	1760.2317536497	0.0000057958	3.9571641461	491.3848190700	0.0013018751	0.1384610897	
Normal.3	3.1251618609	0.3416610511	389.7174488702	0.0001211000	0.4045538671	255.6643359781	0.0275921344	0.0823811649	
Tumor.9	2.0514638517	0.7848259952	1364.4723049105	0.0000259541	0.3501210920	669.1240736304	0.0167015066	0.0791768293	
Tumor.10	0.2515901039	0.8292762408	895.5766525134	0.0000054644	6.2358105038	532.6408606089	0.0025685559	0.1462557963	
Tumor.11	1.0325071654	1.6983052846	678.5377765577	0.0000194433	0.7031037207	620.5254728530	0.0192410136	0.0473989293	
Tumor.12	0.9488019224	0.5678580557	810.6464623452	0.0000494620	1.3798531358	260.9682642338	0.0084577274	0.0971114937	
Tumor.13	2.4951766280	0.2009323334	53.0728579833	0.0000962069	0.2518673834	9244.4458634664	0.0018403366	0.1035819389	
Tumor.14	0.3780262873	1.3497323860	706.1397775990	0.0000416308	0.9727253669	234.4357263766	0.0164370462	0.1735957481	
Tumor.15	1.1798794441	1.1015895436	756.3652806047	0.0000378168	1.3059586174	215.2008487557	0.0091688230	0.0959207468	
Tumor.16	0.7304310689	1.8297291944	739.3983672430	0.0000320413	0.7889074125	176.9164027151	0.0318654476	0.1736637273	
Tumor.17	0.2765411872	2.6465584386	1160.4578822554	0.0000179980	3.1732141363	581.3039406025	0.0009831366	0.1822018377	
Tumor.18	0.4987755061	0.7558990917	778.1878941369	0.0000270583	1.8098564159	371.1641149222	0.0112002896	0.1038290479	
Tumor.19	0.8151107792	7.3312890913	771.4297401954	0.0000126325	0.7752593820	244.0061717481	0.0146699951	0.2015563551	
Tumor.20	0.5137846111	5.0874470270	104.2905408747	0.0000265844	2.5586681705	235.1451365552	0.0256111747	0.1792531670	
Tumor.21	1.2358530250	1.1119312065	1213.6571693632	0.0000265002	0.6385515064	758.2885439256	0.0071686271	0.0886034274	
Tumor.22	1.3219126982	0.4977493549	378.2463662716	0.0000982952	1.3324439776	113.3228297405	0.0194462146	0.0956629472	
Tumor.23	0.7553857581	0.7199861798	1464.8193984309	0.0000289100	0.5713683551	538.0963038893	0.0091192877	0.0943132319	
Tumor.24	1.0396285806	1.3737903612	1052.7185840507	0.0000179749	1.1483090978	288.9591163921	0.0192039349	0.0899013635	
Tumor.25	0.6760271494	1.6083031624	481.7827501962	0.0000129674	3.4279613132	233.3514948141	0.0205117208	0.0857477373	
Tumor.26	0.2431094565	2.3805978116	386.6101516320	0.0000344840	0.8796858083	185.0232826040	0.0229339475	0.1283642766	
Tumor.27	0.3905881650	1.1149205114	1583.7375816465	0.0000121667	1.4499594633	788.8190105486	0.0029323518	0.1556443881	
Tumor.28	0.2613186330	1.0873494723	1475.6776309560	0.0000118055	7.6323361650	384.6845357102	0.0016822700	0.2543834489	
Tumor.29	0.7812359068	0.7945338883	558.6966347513	0.0000304654	1.9268367710	255.1839658182	0.0153899839	0.0560240312	
Tumor.30	0.9455368683	0.6936141595	623.0328493049	0.0000290566	1.3439618002	167.8927915392	0.0189844041	0.0709056493	
Tumor.31	0.3278074965	2.1950764740	829.3426887454	0.0000127488	2.5691083753	314.8622459655	0.0078923731	0.1307687603	
Tumor.32	0.9755029902	0.9563344327	664.3834189346	0.0000501952	0.7707517021	356.9046451142	0.0132621804	0.1883033212	
Tumor.33	0.6445826264	3.1617277317	442.0122391923	0.0000625036	0.8797790997	108.3401093856	0.0171504411	0.1322472058	
Tumor.34	0.8497849119	0.6130059529	2524.8772596864	0.0000142920	2.1929293935	249.3946579930	0.0089524207	0.1843305779	
Tumor.35	0.4688230993	1.6129255568	378.7976904475	0.0000834047	3.0717568898	188.8593821794	0.0025896283	0.2713046416	
Tumor.36	1.0059118814	1.0807417735	973.0549233917	0.0000209979	1.2786443428	534.4039791882	0.0065599581	0.0949299693	
Tumor.37	0.6259142302	1.3225331540	646.6122101849	0.0000502022	1.0985568646	238.9182956353	0.0190608981	0.1675149289	
Tumor.38	0.9831613038	0.5204500353	1491.7772125106	0.0000152767	3.2408885069	430.1938830174	0.0058700075	0.1032627979	
Tumor.39	0.3677189265	4.2013232038	78.3073489529	0.0000719782	1.0179010913	179.7429881286	0.0445096938	0.0791307260	
Tumor.40	0.8080939689	0.6256599664	233.6281875249	0.0001083876	1.4083812583	423.2743227092	0.0082275057	0.0758628155	
Tumor.41	3.0876909425	0.5327343933	1185.9535603884	0.0000458300	0.4055131566	228.6824046904	0.0252132797	0.1408316835	
Tumor.42	0.6626836988	0.5599053082	97.8353514300	0.0005982380	0.3952462785	313.5708315963	0.0046502891	0.2304282490	
Tumor.43	0.6870973865	1.3355834583	583.1432510769	0.0000194045	1.4151023184	818.1608300561	0.0162018875	0.0385483246	
Normal.4	2.3829216683	0.3806810805	325.2943908882	0.0001008818	0.7590023792	243.3447383859	0.0227253534	0.0615217335	
Tumor.44	0.7556413712	1.3726067847	377.2620986729	0.0000229277	1.8449085169	330.2874108410	0.0060887751	0.3268846120	
Tumor.45	0.1875854387	0.8287926861	62.1376449451	0.0001578567	1.3374797568	2667.2985414198	0.0030923958	0.1369418802	
Tumor.46	0.8285378917	2.7127424950	591.8327468304	0.0000314497	0.5607415848	513.6745211132	0.0195233838	0.1743723531	
Tumor.47	1.5415260733	1.0463808476	968.4060270070	0.0000407165	0.2830837668	407.4124067904	0.0168656849	0.0959097498	
Tumor.48	0.5176957523	1.0702571809	753.0826489292	0.0000718215	0.4066081831	495.0490000167	0.0111662547	0.1143885404	
Tumor.49	0.5008674241	0.4591349806	228.9378493700	0.0000912856	2.9984047432	226.6060718314	0.0128840860	0.1006362935	
Tumor.50	1.5936655748	0.6468595436	640.4067621870	0.0000476617	0.7299529124	539.2304868234	0.0118518548	0.0889429910	
Tumor.51	0.4620245853	0.5234113775	657.5687350049	0.0000603574	1.0380769551	233.5831445455	0.0120648625	0.1824346842	
Normal.5	2.1910831193	0.2966752012	579.6968008321	0.0000717394	1.8060407123	170.2956870423	0.0121221372	0.1260153878	
Tumor.52	0.4223242097	4.4554896344	380.4600524616	0.0000505399	2.0770257902	106.5873720289	0.0084940841	0.0697023357	
Tumor.53	0.2645338120	1.7795635010	367.2179822614	0.0001814314	0.4831336286	177.3459490110	0.0235332348	0.0533952869	
Tumor.54	0.1700561543	1.4199884318	812.0744548382	0.0000193372	1.8953273701	604.1255982549	0.0022254463	0.3403088131	
Tumor.55	2.1861436669	0.8575815755	638.6784986517	0.0000275788	1.4619635114	408.4383216119	0.0087262406	0.0860728906	
Tumor.56	1.0942583290	0.8586578704	840.0112388466	0.0000271274	0.8335665396	1561.6074609961	0.0025088620	0.1206860752	
Tumor.57	1.0267290499	0.4317172448	1227.2116914681	0.0000466188	1.1244097586	311.4345251114	0.0064329122	0.1384103585	
Tumor.58	0.9281328755	1.2418368293	958.2606546582	0.0000327090	0.8212032312	337.4251168680	0.0280884494	0.0795315166	
Tumor.59	0.5233484573	1.2636113606	291.4914356855	0.0001599976	1.4214123527	98.3120905808	0.0170453365	0.0829414430	
Tumor.60	0.6458799332	5.2418088202	142.2149805638	0.0000486899	0.9007888883	132.2075799554	0.0261874639	0.1449789812	
Tumor.61	0.9747753076	1.1061023836	620.8961219706	0.0000334266	0.7140460962	232.1498991311	0.0484058934	0.0559933896	
Tumor.62	1.3785188000	0.8066721768	560.6678195598	0.0000485488	1.0172631143	318.1774660318	0.0114115868	0.1711876037	
Tumor.63	2.4546115211	0.4147235892	452.4526524971	0.0000676564	0.9275753242	196.8051006599	0.0117263233	0.1012663156	
Tumor.64	0.7082372275	0.7481438043	80.9503389795	0.0001136707	2.0702050227	234.6996707414	0.0175262980	0.1166472299	
Tumor.65	0.1570946357	3.7787267722	749.1469152457	0.0000272115	4.0098248118	73.8914298746	0.0068364661	0.1910272170	
Tumor.66	1.6257988422	1.1628174176	335.2807688794	0.0001076069	0.2104590309	502.3841740924	0.0287430801	0.0531311902	
Tumor.67	0.6952430341	0.7597180030	645.6461294716	0.0000124354	5.3527855884	56.5160663041	0.0357200651	0.0649702247	
Tumor.68	0.1495682504	6.8658784657	137.3024761852	0.0000886740	2.7398687752	35.8560977437	0.0644322863	0.1554966663	
Tumor.69	0.9193218606	1.3940135292	147.8111846481	0.0001328590	0.9615048300	261.4635179457	0.0247886699	0.0636541422	
Tumor.70	1.5735768939	0.8059238111	546.5332198240	0.0000710213	0.6237415436	392.7717328760	0.0106627548	0.0501308679	
Tumor.71	1.2410566833	1.8238683290	474.3332811173	0.0000309238	0.6640019357	367.9966830714	0.0250361728	0.1214914544	
Tumor.72	0.6312025489	1.5374912421	103.6837217291	0.0000790761	1.2338471623	140.4922139549	0.0419269539	0.1190431242	
Tumor.73	0.2664476203	1.7058600784	927.1872557589	0.0000154746	4.6012834091	282.3837262111	0.0046185008	0.1272551363	
Normal.6	3.2691782671	0.5264111189	177.2911851202	0.0001618253	0.3979477360	401.7145725946	0.0198145502	0.0541601764	
Tumor.74	1.1769077728	0.6159487877	597.8954167539	0.0000481052	1.4732327124	312.3974974052	0.0082611113	0.1273735050	
Tumor.75	0.5797951056	1.0750598574	303.2264862503	0.0001333082	1.0718513293	201.7949614003	0.0132668125	0.0946769304	
Tumor.76	2.1452082414	0.7466980195	666.5088603208	0.0000328832	1.0438150585	521.7267201641	0.0114946125	0.0818485957	
Tumor.77	1.1684832870	1.3258664652	2431.1988050614	0.0000091347	1.0429126132	339.5656901456	0.0195902579	0.0495387453	
Tumor.78	1.4405054659	1.3898226311	625.0433395675	0.0000690212	0.4247404400	240.1514887936	0.0228276007	0.1115822736	
Tumor.79	0.5303385870	1.8687805905	401.2702711903	0.0000248278	2.5431897007	383.9523409719	0.0080203075	0.0891001026	
Tumor.80	2.7672836063	0.3077081749	158.5058862292	0.0003863656	0.7634817912	287.1945358524	0.0070857362	0.1179155691	
Tumor.81	1.2826949577	1.7693522810	299.9321065875	0.0000444467	0.6765681336	497.5362760842	0.0215383933	0.0834293002	
Tumor.82	2.5527210829	0.5240712374	209.5430643597	0.0001431962	0.6935382649	223.0264885169	0.0190718186	0.0545089780	
Tumor.83	0.2928655286	1.7041701380	648.2572882360	0.0000350420	1.6877273800	294.8338047807	0.0113359053	0.1761954888	
Tumor.84	2.7179744949	0.9417094096	235.5001056822	0.0000847371	0.3897856489	400.3790696796	0.0310305335	0.0609505391	
Tumor.85	2.2416845599	1.0127736672	342.9764670228	0.0000625286	1.6877554118	303.5250198714	0.0106006972	0.0909266472	
Tumor.86	2.2999731165	0.9087617311	1133.1516331899	0.0000142494	1.0689628036	351.3909170022	0.0087487179	0.1993523540	
Tumor.87	0.5915798560	1.0381244834	4123.6938052673	0.0000023603	13.1400722757	246.7036885270	0.0003723492	0.9828102596	
Tumor.88	2.2245629949	0.6925952273	557.2426153314	0.0000545231	0.4296847842	506.4064104440	0.0202013168	0.1356256311	
Tumor.89	0.3531124143	1.9709387470	218.8550020487	0.0000626453	1.7960602133	231.7267846418	0.0154279151	0.0749711171	
Tumor.90	1.1144700026	0.8537987471	555.6392256176	0.0000270997	1.4706166716	245.3747620454	0.0121879292	0.3792164557	
Tumor.91	1.5169584253	0.9235831827	875.0253550094	0.0000256816	1.0036848299	288.6071100452	0.0235605843	0.1252230011	
Tumor.92	0.4597324530	1.2603639332	548.2397096722	0.0001148170	0.3159927260	344.3075458514	0.0087775151	0.2579401780	
Tumor.93	1.9310136332	0.7618396984	1105.7784030565	0.0000215868	0.3829513574	584.3068087545	0.0175197511	0.1059329702	
Tumor.94	3.8002770912	0.2886838623	586.0167534982	0.0000898068	0.8530828353	290.3305038014	0.0147474444	0.0460423178	
Tumor.95	0.5526426423	1.0598203277	227.5494455017	0.0000902294	2.2523086126	151.7857906453	0.0132839018	0.1480273370	
Tumor.96	0.3040267819	1.1986442476	613.4266454956	0.0000212103	1.8477674236	391.2550942979	0.0059326636	0.1534262983	
Tumor.97	1.9214031590	0.6742444146	469.0147641202	0.0000553433	1.3365118242	341.3946249660	0.0154815155	0.0415407190	
Tumor.98	1.7078452082	0.7469108732	329.3175728127	0.0000696071	1.1960085027	327.4042402855	0.0119354837	0.0981437313	
Tumor.99	0.6169333244	0.6025877751	1251.3106619850	0.0000231948	1.4440252221	369.6800966550	0.0095522216	0.1047714570	
Tumor.100	0.1780094019	1.9182454784	760.6695576553	0.0000243694	4.0962966139	74.0802235735	0.0111963087	0.2570219683	
Tumor.101	2.1614634252	0.5713981795	161.6737531383	0.0001644693	1.1204125325	379.3360905059	0.0107257701	0.0476858917	
Tumor.102	0.7867993069	0.7724024122	1294.3471299859	0.0000457540	0.4978254809	532.3194697511	0.0040589985	0.1177934505	
Tumor.103	0.2749561346	1.1063621986	765.7364931186	0.0000315794	1.6867143598	284.6420079994	0.0092891328	0.1044424031	
Tumor.104	0.9856247790	1.7971850277	440.6750632781	0.0000914726	0.2190085868	688.4574253297	0.0123384095	0.1217803493	
Tumor.105	1.1012392166	0.5444824096	1855.4084182446	0.0000106909	1.3841858851	505.5238574370	0.0070401303	0.1860542460	
Tumor.106	0.4971416286	0.5393518480	597.6630418297	0.0001150483	0.2538917443	553.7934068212	0.0222132555	0.0783287063	
Tumor.107	1.4646961627	0.4793927226	1003.2760131127	0.0000481279	0.8392040004	345.6585087935	0.0170505336	0.0808971485	
Tumor.108	0.6591293995	0.9560116312	400.9605170611	0.0001119268	1.2756861323	274.0781599527	0.0042409570	0.1167985176	
Tumor.109	0.7767469034	1.5781482130	498.7022552911	0.0000410497	2.5496819519	216.0644289252	0.0087583439	0.0993014767	
Tumor.110	0.6396341607	1.5044735816	1069.7231727057	0.0000249031	1.0518719376	372.8356292197	0.0132351615	0.0893095245	
Normal.7	0.8389316360	0.8266976844	151.7231365193	0.0001616039	2.4709706341	192.0913859976	0.0084107837	0.0596696173	
Tumor.111	0.6543124057	1.4827560638	742.8106232944	0.0000385087	0.7064447974	400.3829579249	0.0176369004	0.0505839813	
Tumor.112	0.7022497306	0.9673314307	1325.0823429155	0.0000249596	1.0043548833	478.5725032614	0.0161616826	0.1495900932	
Tumor.113	0.7670530203	1.0647564140	1008.9140956162	0.0000206826	0.6153012187	420.2565807875	0.0113199304	0.1719330803	
Normal.8	0.4631445443	0.8359789110	441.7622266572	0.0000585425	1.0425467600	224.9242696346	0.0160051934	0.1124815688	
Tumor.114	0.2587871369	1.4987055771	282.8514435533	0.0000572502	5.0839116432	120.7468349731	0.0099636731	0.0919436403	
Tumor.115	1.6132097749	0.3206782092	1551.1420626558	0.0000773156	0.2011015311	584.6167282848	0.0140986499	0.1084128659	
Tumor.116	0.2831805676	1.6861776031	1256.6149953384	0.0000113862	4.2690288223	256.0043800087	0.0035233944	0.1873804385	
Tumor.117	1.1178279413	2.6785471342	588.6779242058	0.0000210390	1.2400548724	693.2270905548	0.0060938460	0.1023768895	
Tumor.118	1.0236762721	0.6850943707	594.2375058303	0.0000304104	2.5347625445	289.4939799421	0.0214950744	0.0287649198	
Tumor.119	0.2152339216	5.2216073372	1129.2742617394	0.0000083640	2.4070153896	59.6220988837	0.0348300608	0.3474569886	
Tumor.120	0.9392653353	2.1123462236	927.1563165533	0.0000125298	0.8529045356	622.8969799407	0.0161375206	0.1283437343	
Tumor.121	1.9943085509	0.6106674248	373.3417984152	0.0000818247	1.1878854233	270.7611158986	0.0126756503	0.0846931241	
Normal.9	2.9901431812	0.4369678202	436.6675785259	0.0000626568	1.0218008508	219.9212225454	0.0202265676	0.0615946523	
Tumor.122	0.0913693179	1.7942703897	403.2795885755	0.0000275822	4.7523453902	503.8419237933	0.0013665313	0.2013717880	
Tumor.123	0.9536709713	1.0333926027	566.7885572882	0.0000388539	1.2874509256	626.7328812380	0.0058281094	0.1065319955	
Tumor.124	1.9127617668	1.0739421250	469.2734461292	0.0000614254	0.4638919283	597.0682441326	0.0232140938	0.0769564883	
Tumor.125	0.2260311124	2.9365662728	608.2189848454	0.0000169091	11.7345166253	61.3525624568	0.0100770016	0.0993732283	
Tumor.126	1.6688730974	0.7255816287	772.2163693855	0.0000343261	0.9992288044	214.5080834661	0.0207450521	0.0899442720	
Tumor.127	0.9479821127	1.2196202573	940.1614812150	0.0000174253	1.2203371981	243.3419341111	0.0326435655	0.0828425981	
Tumor.128	0.8821234698	1.4972527776	205.7481547139	0.0000969631	1.2625493882	133.4184288884	0.0304438678	0.1251886408	
Tumor.129	0.9685968440	0.5936275413	991.0160939374	0.0000269269	0.6805339734	1265.5231110053	0.0052907275	0.1092338703	
Tumor.130	0.4912684605	1.0910911114	269.1531155835	0.0000246715	2.2747928547	879.3573559822	0.0024125237	0.1478648496	
Tumor.131	0.5423168231	0.5707105546	277.8343501440	0.0000742066	2.2623017341	294.6479773459	0.0122273585	0.0787375450	
Tumor.132	0.3528635342	0.5965435382	580.3937947197	0.0000388739	2.7164097426	285.3494974528	0.0058087770	0.1034746338	
Tumor.133	0.8003525363	0.8671156640	913.6001175101	0.0000760060	0.3171285114	423.5548083489	0.0155774356	0.0736754364	
Tumor.134	2.7230472096	0.6184084061	290.7164467344	0.0000815250	1.0309354261	395.5030271358	0.0121960317	0.0614708432	
Tumor.135	0.3428853208	0.9899557487	1004.7868203215	0.0000466583	0.7204332836	561.9710374307	0.0114566713	0.2241096769	
Tumor.136	0.7191996387	1.4724837806	102.8997575689	0.0001991219	0.9338776757	575.2066134138	0.0052278328	0.1481192955	
Tumor.137	0.5226653481	1.2505589973	493.7493841053	0.0000286938	2.5541471706	283.5130165958	0.0020622785	0.6098373168	
Tumor.138	1.7249568292	1.5535672393	2020.5466240293	0.0000095946	0.5839040936	492.3950413030	0.0246562010	0.0622550158	
Tumor.139	0.5856179717	4.0581757764	666.4579019320	0.0000115725	1.4903244354	190.5980227952	0.0343228674	0.1325636774	
Tumor.140	1.1987175083	1.3414805201	816.4799667543	0.0000295960	0.5724179241	445.1904256655	0.0312202661	0.0762778228	
Tumor.141	0.8396794638	1.2846086208	797.0284778970	0.0000227749	1.1078202756	651.0575204631	0.0092147065	0.0715276751	
Tumor.142	0.3660288945	2.2601038518	468.2260685840	0.0000499552	7.0543885140	108.1198159823	0.0012941170	0.3316152413	
Tumor.143	0.4521560929	1.0820943948	793.6730345711	0.0000270851	0.5614170676	831.6337985290	0.0108225679	0.1085716455	
Tumor.144	1.5511584423	1.0308611061	418.7531559470	0.0000428637	0.5960662618	409.3661059409	0.0178570808	0.1140806847	
Tumor.145	1.1882759871	0.5878830689	578.5492984683	0.0000348452	1.8816436610	119.2152970832	0.0327462067	0.0696121819	
Tumor.146	4.5562085350	0.6937719679	293.4415018576	0.0000911005	0.3781690366	480.5182759240	0.0336709335	0.0451425199	
Tumor.147	1.0214562798	1.2374954516	174.4550299302	0.0000951175	1.1750781199	290.6872407332	0.0156034172	0.0824670497	
Tumor.148	1.2280193787	0.7435897061	529.1850141532	0.0000567280	1.2571965970	162.8726288814	0.0208043562	0.1541888719	
Tumor.149	0.3471454253	1.6821349384	350.9743887951	0.0000218713	2.1483628141	283.5328286074	0.0168725105	0.0859854938	
Tumor.150	0.8425074956	0.8013394021	733.9061558526	0.0000263201	2.1649195856	223.7981190744	0.0104006583	0.1841748655	
Tumor.151	1.3873378615	2.0182170765	230.5882716422	0.0000276275	1.5197755552	340.4396449203	0.0132911564	0.1670650320	
Tumor.152	0.5075964347	1.2940567914	1967.8481621753	0.0000099330	1.3086964937	287.1678544144	0.0075715196	0.2086021297	
Tumor.153	0.1599998929	1.4214051030	152.5739625033	0.0001879218	1.4780320649	110.4111480442	0.0145176827	0.1858167669	
Tumor.154	1.3913305595	0.4589241287	919.8059507493	0.0001092493	0.3408469704	207.0539517417	0.0338252268	0.0618762583	
Tumor.155	0.2065082231	1.3756115780	1593.8139046369	0.0000246024	3.4476688889	143.2329720082	0.0103641700	0.0581578147	
Tumor.156	0.7793132100	1.1090026899	908.4315675770	0.0000752981	0.1782861292	233.6178944846	0.0222028788	0.0821044091	
Tumor.157	0.4377165010	0.7041907666	611.6921291744	0.0000239981	2.2253617921	246.7655958196	0.0213610578	0.1012824904	
Tumor.158	0.1420279808	1.8792949391	433.5951004758	0.0000426380	1.9536238117	707.5038774997	0.0034502634	0.2305843624	
Tumor.159	0.7647111840	1.2384358008	283.9764276461	0.0001315770	3.3253274904	119.2388577608	0.0033237302	0.1357564307	
Tumor.160	0.6625626936	0.9971483243	210.3160799435	0.0000474331	2.7921531046	776.7920724290	0.0017974696	0.2891174938	
Tumor.161	0.1911180513	2.2580000872	1591.7071551027	0.0000116741	6.8966559131	191.4552851127	0.0009370405	0.3421764078	
Tumor.162	0.3881167300	1.5978511843	1075.3737733816	0.0000280942	0.6304346016	385.2167244412	0.0420332100	0.0403622611	
Normal.10	0.5991347089	1.0803908805	245.4744955161	0.0000791154	4.1352928550	153.8121244358	0.0063293151	0.0915748099	
Tumor.163	0.6273409214	1.8161604179	921.8051160169	0.0000157660	1.1246146766	618.6950029104	0.0118554415	0.0856967533	
Normal.11	2.9100073226	0.5598599826	210.4435784391	0.0001496181	0.7011741497	308.4342551789	0.0211056721	0.0563859298	
Tumor.164	0.7137556732	1.5858404066	571.8125261171	0.0000312283	0.9126257862	213.2621996611	0.0187316175	0.0905454486	
Tumor.165	1.1018219597	0.8808430997	702.6466211599	0.0000151448	1.9478808384	351.3685889782	0.0165955211	0.0950054072	
Tumor.166	2.5877818129	0.4102909932	711.2941912677	0.0000662116	0.4834333140	473.0172121054	0.0214056257	0.0724593280	
Normal.12	3.6554722672	0.3308834739	219.3471380613	0.0001527198	0.7452324501	299.1557214445	0.0156568553	0.1119157736	
Normal.13	0.5084061691	0.9817323693	167.9312774546	0.0000998504	0.6697483839	242.5499558423	0.0113236026	0.1611137145	
Tumor.167	0.7482959398	0.7930922376	1017.6194404405	0.0000103599	2.0842033690	853.9518987041	0.0029218105	0.0944234392	
Tumor.168	2.0336428398	0.9103124201	105.6885400085	0.0001796012	0.6561241510	297.8525696059	0.0176707946	0.0714142801	
Tumor.169	0.6205445434	0.8166088045	474.1893969425	0.0000277688	1.4884946918	264.9184371857	0.0132503996	0.1291726482	
Tumor.170	0.5751387388	2.0763570051	483.5582515145	0.0000341459	0.8987869355	617.5557177403	0.0059938539	0.1291787738	
Tumor.171	0.6810021540	1.0117914397	1934.8808951533	0.0000189050	0.9139700761	175.0212464746	0.0131500233	0.2025918530	
Tumor.172	0.9667952866	0.6087955919	435.4922004356	0.0000583371	2.7500015393	264.2578963998	0.0037122550	0.1164759983	
Tumor.173	0.2215865839	3.3178794934	1491.5186690604	0.0000162242	4.4561010306	107.9694957061	0.0034953121	0.1613594339	
Tumor.174	1.5890700605	0.4953882551	486.6127284292	0.0000552254	1.0186190121	435.2477864348	0.0116386600	0.0852671978	
Tumor.175	0.3064281880	1.0422023620	1666.4780228645	0.0000099715	4.2911981079	257.3572898057	0.0070071342	0.0869202668	
Tumor.176	0.4457160914	1.5170632762	539.1651562143	0.0000637843	0.8529467879	305.6913705005	0.0044904036	0.1061950603	
Tumor.177	1.2355575780	0.7157888450	432.0690093760	0.0000635248	1.2884376704	287.0966836798	0.0108263664	0.0873112618	
Tumor.178	1.4688496317	1.0398763220	656.6527416746	0.0000437131	1.3976644720	126.8457357150	0.0397400659	0.1146860426	
Tumor.179	1.8270270011	1.5273191275	338.0103360185	0.0000699788	0.4526093862	291.3477357470	0.0356018712	0.0837345904	
Tumor.180	1.0991758999	0.7747232800	826.4048931855	0.0000300533	1.6107514843	196.6862767203	0.0065679812	0.3403564634	
Tumor.181	1.2941721753	0.9223207614	1216.6816330926	0.0000165591	0.7142556609	551.3134799449	0.0089688454	0.1456017834	
Tumor.182	2.8184346133	0.9754948753	693.7070079336	0.0000334338	0.3352853848	529.1375285472	0.0488055005	0.0530327339	
Tumor.183	1.2893021610	0.8445940546	274.1254942377	0.0000443432	0.8094324987	407.4271152257	0.0235789552	0.0792531086	
Tumor.184	0.4857659354	1.2147326776	374.4135383462	0.0000123001	4.3562872657	448.6552375426	0.0023413904	0.2419189084	
Tumor.185	0.6260170339	0.9561712505	207.5957443378	0.0001620579	2.3774566976	222.3785580465	0.0025816658	0.1217895243	
Tumor.186	0.4344194998	4.0056598489	659.8739205783	0.0000090573	2.4109119363	67.4055938148	0.0734861127	0.0780351869	
Tumor.187	0.4995655837	0.8171039891	265.7916951303	0.0000857146	1.1181205620	345.1854723066	0.0106212759	0.1164489499	
Normal.14	0.8841692007	0.9309557415	916.9144652604	0.0000053169	2.6731967388	156.2705401267	0.0499444602	0.1195225335	
Tumor.188	1.6560172277	0.7104372457	224.2325905056	0.0000841705	0.9502273439	471.1060266219	0.0123691919	0.0757855822	
Normal.15	0.3374929366	0.8007156534	339.9203250118	0.0000804704	0.8516845092	242.9009556552	0.0159698547	0.1000058399	
Tumor.189	5.2503866458	0.6928566135	505.7678196499	0.0000306013	0.8639528640	297.1432795878	0.0213753011	0.0547792579	
Tumor.190	0.3447453407	1.5899163324	592.0033600128	0.0000153531	2.8638862340	485.6810404544	0.0068542284	0.1051776772	
Tumor.191	1.2637276472	0.6366977444	385.4316092297	0.0000747549	0.7328750900	418.9113076171	0.0083428269	0.1206145819	
Tumor.192	0.2775220122	2.0885681166	283.6583940592	0.0000307222	3.9717816622	247.7107069256	0.0054004569	0.1759663993	
Tumor.193	0.5170385750	0.8821546888	768.3124020690	0.0000268904	3.7301837043	163.1158664391	0.0080243256	0.1349195353	
Tumor.194	0.6875924455	3.0482917224	383.1240536009	0.0000529119	0.5177255716	399.9831564201	0.0424331504	0.0146875998	
Tumor.195	0.4840275632	1.6544269517	255.5476796263	0.0000492063	2.3607451435	223.3749412007	0.0109412994	0.1363114074	
Tumor.196	0.9088669473	0.7604259356	178.1006187877	0.0001288035	1.5070432876	417.1395386109	0.0049495040	0.0779278606	
Tumor.197	0.5339225327	1.3658591911	431.8647204421	0.0000285230	3.2039620713	139.2113473522	0.0153639825	0.1015049366	
Tumor.198	0.1712149612	1.3101483025	2675.5611400918	0.0000237892	1.2657313465	395.6416157773	0.0031284025	0.1238279101	
Tumor.199	0.5695592281	0.8155980714	2336.7446827437	0.0000083986	1.2144825260	595.4096397315	0.0085835898	0.2188849276	
Tumor.200	0.9732038895	1.4109601290	327.8890973413	0.0000599081	0.9707893476	294.3426652317	0.0182433189	0.0836222778	
Tumor.201	1.5557695778	0.7922932294	499.3305462020	0.0000435953	0.8305706501	434.8518979655	0.0144299735	0.0781409784	
Tumor.202	1.7142011387	0.8315300592	734.4482195089	0.0000225370	0.9216947269	516.7276519319	0.0133251259	0.1007807729	
Normal.16	1.7474927566	0.3918407008	316.7438324710	0.0000673335	1.3831499611	211.1740401928	0.0186980233	0.0806971083	
Tumor.203	1.6434162827	0.6819855218	1359.5252110698	0.0000264228	0.6815548154	329.2912418507	0.0093186538	0.1852654353	
Normal.17	0.7377350371	0.8490293055	533.2913675759	0.0000423235	1.3449393399	152.4898337604	0.0201254837	0.0551085018	
Tumor.204	0.8732636461	1.4936322472	635.5531648835	0.0000278115	1.7752018368	255.7709273735	0.0118117634	0.1533287254	
Tumor.205	0.5738465071	0.9154196071	247.3597356540	0.0000888940	4.3780171633	149.4305088235	0.0063263537	0.1601530899	
Tumor.206	1.8676843287	0.3018276436	610.2831383094	0.0000579175	1.0271164607	455.4573377638	0.0107970995	0.0824816925	
Tumor.207	1.2508061629	0.6475822763	1549.3374382447	0.0000270050	0.7539080984	414.8085353148	0.0140387951	0.0881951126	
Tumor.208	2.0538941928	0.7244968109	684.1396645628	0.0000517709	0.8486616232	309.5361458947	0.0141516765	0.0776889575	
Normal.18	3.0819947798	0.4390919092	245.0908506128	0.0001216019	0.8627879953	380.7097997939	0.0114454589	0.0749313699	
Tumor.209	0.3107221681	1.9594722527	570.7853550033	0.0000226185	2.0089898943	760.5658087390	0.0047913763	0.0871386517	
Tumor.210	1.6443095675	0.8075939657	433.3725074020	0.0000683535	0.5981218243	328.7155735701	0.0244791386	0.1070469403	
Tumor.211	0.5073389229	1.4404485979	242.6515094570	0.0000551747	2.1680725468	213.4909222743	0.0152101328	0.1546912048	
Tumor.212	0.2879164774	2.8223684019	489.6534865773	0.0000154554	1.0468031048	1117.2955697859	0.0050819375	0.1410625812	
Tumor.213	1.0432302308	0.5303584178	601.4717461101	0.0003008276	0.1035536581	530.9285925166	0.0125492602	0.2059606599	
Tumor.214	0.3747057180	1.6614149368	1643.8803436588	0.0000048726	3.9218712194	192.1180818858	0.0085766450	0.3202617052	
Tumor.215	2.3545839519	0.3549492638	1861.6180018301	0.0000660202	0.3885644309	219.4704063542	0.0247519803	0.1705217946	
Tumor.216	0.8450152961	2.1119631951	1124.9738157589	0.0000099287	0.8435925277	379.8987280214	0.0257666691	0.1439205263	
Normal.19	0.6790510121	0.7142205698	386.1679358303	0.0000618209	1.2457763772	182.6720787661	0.0115956053	0.1357470424	
Tumor.217	0.9431139020	1.4807001593	323.5923535577	0.0001188723	0.6124151471	98.5982407905	0.0572742712	0.1666397570	
Tumor.218	1.9070726185	0.4300111349	532.5780572214	0.0000328017	3.0014256506	167.2012526492	0.0057717332	0.2420054459	
Tumor.219	0.1070199441	3.8819147295	570.6931718716	0.0000121891	7.0212368458	108.9509908149	0.0225162804	0.1158317407	
Normal.20	3.6648607113	0.3497681999	562.8615263657	0.0000865262	0.7901889695	188.7395887770	0.0216522462	0.0808697104	
Tumor.220	1.4795572641	0.6492219783	1695.3101796678	0.0000712653	0.2116165891	508.9694780776	0.0216614155	0.0618909804	
Normal.21	3.1694751657	0.3740267427	304.3627263371	0.0001279420	0.9544719387	319.7169173339	0.0137512546	0.0576368949	
Tumor.221	2.4852618401	0.5057326327	772.8125053568	0.0000397472	1.0374441264	299.9896724271	0.0142608157	0.1109996895	
Tumor.222	0.4716726163	2.3339298157	288.3682603208	0.0000347178	3.1218628896	89.4319571936	0.0093248291	0.2168981380	
Tumor.223	1.8174999968	0.7829987362	246.8332056712	0.0001068645	1.1854810452	219.2476027180	0.0171343770	0.0543055354	
Tumor.224	1.1079589192	0.6673764355	1250.9529304216	0.0000136355	1.4643849809	314.4828649573	0.0227775543	0.0757662297	
Tumor.225	0.5074732171	1.6212479404	376.7440515629	0.0000246918	4.3405908678	111.3433507116	0.0165178788	0.1062473176	
Tumor.226	1.1058668020	0.9706757300	641.0212754504	0.0000188375	1.8051228459	171.9217241855	0.0352010069	0.0670955974	
Tumor.227	0.8528001860	1.1104307405	676.6858586926	0.0000266420	1.3880628877	477.7928354433	0.0108733930	0.0965617294	
Tumor.228	0.2052240043	2.8803206449	663.4833424785	0.0000141980	1.4269364219	864.8971691601	0.0036166751	0.2096655545	
Tumor.229	0.5570714886	1.0949700787	2514.1053429467	0.0000057212	1.5676334867	556.2490438618	0.0043882415	0.4147628166	
Tumor.230	1.6424832148	0.6642149249	640.0494182207	0.0001699015	0.1490024327	359.4503490853	0.0261786692	0.0716628858	
Tumor.231	0.1795117419	3.7806875410	99.7334924258	0.0000818136	3.1429962626	102.5214043689	0.0099659692	0.7662191164	
Tumor.232	0.8429550833	1.2043713148	2399.7644473888	0.0000234103	0.4983637198	532.6845975723	0.0058741939	0.1574739757	
Tumor.233	0.3684150659	1.6096366483	780.9706990989	0.0000343932	1.0043115853	249.6792490316	0.0231369858	0.0389481589	
Tumor.234	0.9996633572	0.7695423014	849.0335360003	0.0000352800	1.4661879931	210.6198607254	0.0150063426	0.1120546435	
Tumor.235	1.2760263994	0.5760657106	1393.9457279053	0.0000151412	1.6782208284	346.8912910522	0.0055190693	0.2857799228	
Tumor.236	1.0803087281	2.3517067547	467.6407758415	0.0000264748	0.7454026884	408.5688170260	0.0209085853	0.1295061272	
Tumor.237	0.7856029860	0.7988721404	566.6973973316	0.0000343828	0.7507805760	377.5484822176	0.0113373179	0.3208525723	
Normal.22	1.4747946363	0.5578446844	120.4841735173	0.0000782205	0.3886566194	326.4429223249	0.0542244196	0.0501074395	
Tumor.238	1.7865032382	0.8967036756	688.2210249085	0.0000357570	0.8399009086	303.7984906255	0.0217769704	0.0785671951	
Normal.23	3.4038660773	0.3246378435	345.4620691932	0.0001278744	0.7005255550	256.4522091489	0.0210419548	0.0611738926	
Tumor.239	0.6753720720	1.6872559572	281.8211629436	0.0000462664	0.9011723449	230.9762588242	0.0153553556	0.1412065872	
Tumor.240	1.4708960694	0.8191864269	291.3941283654	0.0000951676	0.8951838717	298.1810327130	0.0176144692	0.0819538045	
Normal.24	2.7426382518	0.4256295771	549.6656309224	0.0000595328	0.8334560239	290.0829579131	0.0142816566	0.1052312255	
Tumor.241	1.7296135863	0.5539369844	345.5830573033	0.0001085747	1.1798484883	354.3411556676	0.0075561704	0.0904936814	
Tumor.242	0.3380031600	1.2770733446	366.7390097880	0.0000432240	2.6425768790	138.2371415602	0.0157915278	0.1610763879	
Tumor.243	0.7465248193	0.4258838973	517.6009964064	0.0000661313	2.9103805159	159.6111523738	0.0077461538	0.1173112654	
Tumor.244	0.3834679602	1.0367065152	602.7774969985	0.0000264362	2.5117920723	289.5619040441	0.0043682048	0.2391014987	
Normal.25	1.8897319787	0.5389858139	321.0461305214	0.0000627201	0.9416845449	393.5440584259	0.0161511601	0.0707846476	
Tumor.245	2.7993507426	0.5785599768	1550.1869111769	0.0000227237	0.4699564006	488.7019333515	0.0201726154	0.1010197502	
Tumor.246	0.2277023325	0.9160555199	1311.9893732574	0.0000111949	1.6791948279	976.2752366596	0.0036971374	0.5399260577	
Tumor.247	0.2922443052	1.2717785671	1120.9438021879	0.0000146624	2.7137210884	246.3678073935	0.0174150703	0.0800762865	
Tumor.248	0.7922196294	0.9926681179	998.0470438412	0.0000280078	0.7653257946	82.4069815699	0.0798132768	0.1381924338	
Tumor.249	0.9917240170	0.8093319893	344.4164706404	0.0002817199	0.2046368928	476.7618587253	0.0128782571	0.1039400172	
Tumor.250	0.2689884370	7.5885584277	611.6321475704	0.0000138692	2.5133979295	43.0342248685	0.0790204994	0.1131747578	
Tumor.251	0.6537895945	1.3858066282	775.5841565935	0.0000206072	1.2469420884	648.7605199113	0.0030867143	0.1113575817	
Tumor.252	0.2506058192	1.4192573880	540.7281908745	0.0000576547	2.7611896694	178.3765947449	0.0123546851	0.0654225651	
Tumor.253	0.5099473577	1.0971251931	1547.3827239262	0.0000218531	0.5961741785	579.4189342276	0.0081706128	0.0804014064	
Tumor.254	0.4996879068	2.9271421501	297.1453640174	0.0000521330	0.7055233778	362.6974117853	0.0154268332	0.1103856946	
Tumor.255	0.9305551552	1.6189439610	656.1622659805	0.0000157662	1.6069401145	437.8690824865	0.0075702920	0.0954918334	
Tumor.256	1.5410915857	0.8042408738	203.8027493129	0.0001091562	0.9457856540	452.4320868279	0.0170876040	0.0541339993	
Tumor.257	3.5334120893	0.3576955463	1031.6190366832	0.0000222563	1.6048494187	339.9230900357	0.0043291624	0.2969306411	
Tumor.258	0.8427604799	1.1178496964	785.4750824314	0.0000258347	1.2456954681	323.2072464059	0.0134339604	0.1547249233	
Tumor.259	0.5804978979	1.2455669555	193.1118200797	0.0000342468	1.2637466414	399.9492568256	0.0073320156	0.2424745563	
Tumor.260	0.2544822103	2.3295935128	267.4404528954	0.0000319236	2.8306058220	153.6930406956	0.0165698297	0.0604290109	
Tumor.261	2.5605304159	1.2453760000	513.0859034578	0.0000492877	0.4106068360	255.5801523212	0.0193549168	0.1347676239	
Tumor.262	0.6244187142	2.0149860573	480.9598558336	0.0000200214	1.3052259877	336.3697156359	0.0192698206	0.0647482635	
Tumor.263	1.2153982675	0.6549158504	1132.8335235550	0.0000258017	0.9501197015	470.9179378253	0.0147299064	0.0637447077	
Tumor.264	0.0882198742	4.9932490900	472.7757434048	0.0000324353	0.7833320834	487.6122233086	0.0203313215	0.0514071450	
Normal.26	0.1644528511	1.9393397138	172.9459025697	0.0000898551	1.1761898630	230.1501085349	0.0114059410	0.1031308020	
Tumor.265	0.6269151293	0.7528478510	313.3883263628	0.0000537520	2.4658715976	241.0161949195	0.0090364426	0.1008406994	
Tumor.266	0.6390620552	1.0126001704	606.7602863238	0.0000428692	1.0339325594	354.5471380348	0.0110049530	0.1003654031	
Tumor.267	1.2376059967	0.8707594766	666.6920723564	0.0000353391	1.0856789211	220.0760645249	0.0172728070	0.1409715995	
Tumor.268	1.4957199562	0.3950589418	591.4556348407	0.0000318807	1.7513334679	469.0604494060	0.0046764832	0.1102063450	
Normal.27	1.6553386043	0.8311565652	102.2290809041	0.0001983031	0.8609894202	405.9209311715	0.0147459659	0.0393778632	
Tumor.269	0.1050416723	1.7361937931	1053.9392107826	0.0000080726	3.3609160133	608.3182680279	0.0069175988	0.0988259784	
Normal.28	1.6822007602	0.7472273000	301.1734743782	0.0000841848	1.6156268945	198.0182782080	0.0167126380	0.0935466952	
Tumor.270	1.5772336619	0.8157010919	871.4757513823	0.0000243516	1.0858753144	366.9047721899	0.0164751517	0.1063106819	
Tumor.271	2.1032668600	0.7896049365	1520.3678651238	0.0000158009	0.7453124007	520.0667867663	0.0127822189	0.1280540401	
Tumor.272	0.4849723745	2.0282755005	800.0089900970	0.0000322725	0.8572994794	319.9796099147	0.0264226638	0.0566273820	
Normal.29	7.1577211556	0.3582402322	426.2730568103	0.0000599898	0.9927216757	330.3801804548	0.0113079634	0.0320073840	
Tumor.273	2.1523623205	0.7605335910	170.7271747608	0.0002026894	0.8298223744	232.0119138191	0.0124675391	0.0707249762	
Tumor.274	0.5819371065	1.3599596970	481.9806831408	0.0001279606	0.2254944455	257.3298753731	0.0257216518	0.0887875599	
Tumor.275	1.1878467782	0.5558741872	323.3327842119	0.0003312599	0.1317854688	726.3032725000	0.0078096222	0.1297338085	
Tumor.276	0.2160478766	3.5626573969	204.3168622500	0.0000431265	1.8609253898	327.4944152937	0.0107597945	0.1367052717	
Tumor.277	0.0454629443	9.5014981534	783.6538759707	0.0000092216	0.7428007924	1079.9087446867	0.0059311453	0.1459561192	
Tumor.278	2.2727048212	0.6822735526	568.4702629102	0.0000366164	0.6847565526	476.9582734396	0.0200974942	0.0829132901	
Tumor.279	0.3733234459	1.1253751772	559.7347150304	0.0000247752	2.3887145280	176.5850985985	0.0183398659	0.1555339808	
Tumor.280	0.7382015280	0.7311255656	1660.6781720370	0.0000270389	0.9633128745	376.3238025232	0.0116774179	0.2171068584	
Tumor.281	0.9955158014	0.6602230640	899.6844451997	0.0000367310	1.4398006691	333.5885752525	0.0106002368	0.1101551519	
Tumor.282	0.6408753469	1.1902859885	1188.0363381607	0.0000200684	1.2873674801	442.7774718869	0.0121086067	0.1056695230	
Normal.30	1.6375105439	0.3509762115	247.5236141193	0.0001702641	1.6760952849	262.2232271032	0.0065641116	0.1044072453	
Tumor.283	1.6080877729	0.6980931458	418.0703852997	0.0000643403	0.6880191109	586.8851221361	0.0107329007	0.0848237352	
Tumor.284	1.4061434723	0.3473543390	851.9649653576	0.0000560520	1.5912844302	170.8868969518	0.0128541363	0.0973648050	
Tumor.285	0.6764018061	0.6026134456	1021.4437471335	0.0000191927	1.0060414671	409.9416915843	0.0217455542	0.0578342596	
Tumor.286	0.6518049634	2.2516385861	235.6434707015	0.0000552788	1.9235917179	136.2467602759	0.0263088355	0.0886529438	
Tumor.287	1.2188600194	0.9149771625	601.9816230656	0.0000388550	0.8761655727	354.2712706066	0.0179701747	0.0561962314	
Tumor.288	0.9148055227	1.7118962419	2040.4160345134	0.0000089043	1.3094454422	225.2910242581	0.0282153954	0.1231252376	
Tumor.289	1.1058096705	0.8263816303	338.2162991587	0.0000600289	1.0699533409	453.3554345862	0.0126389444	0.0543838170	
Tumor.290	1.2344419297	1.2716097889	301.4005586863	0.0000374729	0.7063491676	403.6321456554	0.0333422927	0.0837057496	
Tumor.291	1.0249949359	1.2326105994	855.5856750901	0.0000115008	1.2393839163	421.9715674421	0.0126857200	0.1563980848	
Tumor.292	1.0190840257	0.9621289517	371.5267706909	0.0000406152	0.8561457520	298.8481440002	0.0768677951	0.0516147794	
Tumor.293	0.8238347727	1.9974371847	439.6993918824	0.0000296754	1.4722223502	221.3207833792	0.0099097615	0.1800519102	
Tumor.294	0.3604894336	1.3550652917	534.9327237331	0.0000290027	3.0720933629	206.0606376055	0.0100195696	0.0839528505	
Tumor.295	0.9529803264	0.9586423033	883.2940620307	0.0000122836	0.9410652172	241.2936462773	0.0149501912	0.3720085283	
Tumor.296	4.5823935620	1.0148471273	1163.3239316265	0.0000237709	0.6813015819	422.0343660079	0.0148115826	0.1053778172	
Tumor.297	1.4857540534	0.6336780312	629.0499370109	0.0000664256	0.6097083369	242.1449074981	0.0196549886	0.0917451899	
Tumor.298	0.1696962387	2.2931959885	573.1927654806	0.0000240623	0.7505652577	590.6294887296	0.0060572765	0.2244897186	
Tumor.299	2.0622994627	0.8212209089	241.9743129850	0.0000890943	0.6276987978	459.8589004218	0.0192428420	0.0410398789	
Tumor.300	0.5397642146	1.4151295702	967.7253976228	0.0000156507	1.3778635080	395.3417664061	0.0239147449	0.0325874583	
Tumor.301	1.3470722022	0.9118835268	853.7555688311	0.0000185477	1.3670983307	229.4948404040	0.0319502320	0.0807971563	
Tumor.302	1.6072009024	0.5519597908	272.5292680760	0.0000863520	1.3563746688	223.7570024415	0.0121447375	0.0884776386	
Normal.31	2.6057992943	0.6986610439	281.9460225784	0.0000928657	0.8729661351	387.5087260350	0.0175780712	0.0422588782	
Tumor.303	0.5978966447	1.2025066475	501.7141092962	0.0000376062	1.7759627469	338.0795976415	0.0090804228	0.0699808111	
Tumor.304	0.7153408146	1.1890288893	651.4314231818	0.0000408313	1.7805438529	266.6944698543	0.0042731403	0.2385341615	
Tumor.305	0.7332751354	0.7760983347	309.9206251872	0.0000929488	1.8508747844	334.4020883407	0.0053641481	0.1002001272	
Tumor.306	0.8715980666	0.6728402799	920.0645503964	0.0000387310	1.1210596531	659.9122475334	0.0077727727	0.0989379543	
Tumor.307	4.0610262177	1.8311398153	736.9245998611	0.0000203306	0.1875927228	518.8861565478	0.0587633484	0.0980307213	
Tumor.308	0.4541165781	1.2979224831	964.2738231763	0.0000633667	0.4627972534	484.6414255416	0.0065676377	0.3163691316	
Tumor.309	1.1937812947	0.9061049336	601.0581185902	0.0000290573	1.8552506425	282.1229156766	0.0144959163	0.0915421560	
Tumor.310	0.6072324163	1.5800330984	432.4950724363	0.0000474870	1.7605237152	282.9285392038	0.0098336350	0.1799752304	
Tumor.311	0.8144399836	0.7285103759	416.6837881986	0.0000655928	1.5815018466	437.1351259461	0.0060974118	0.0760711790	
Tumor.312	0.0715838856	2.2171179067	47.2187742635	0.0001733173	1.9376637009	2195.7655246571	0.0010685749	0.1634125757	
Tumor.313	1.5884671965	0.8361075639	347.9485571721	0.0000426873	0.9428274665	467.5518253589	0.0124532727	0.0870949808	
Tumor.314	0.5061266234	1.3657254351	678.6787817174	0.0000171864	1.0044841541	221.4099421498	0.0096717075	0.2249056814	
Normal.32	0.9928500390	1.0566127421	735.9882061723	0.0000245437	2.1546271157	93.7171782208	0.0260975796	0.0822780769	
Tumor.315	1.5744933742	1.0242677797	1267.5547923167	0.0000145948	0.8551318217	551.0893157528	0.0041775683	0.4714849881	
Tumor.316	0.5313064488	1.3550824945	244.6940858298	0.0001169646	1.4707502518	167.4497466073	0.0188721857	0.0667054326	
Tumor.317	0.8023313486	0.7906158525	422.1292085503	0.0000645889	1.8553763325	147.4746505407	0.0086759962	0.2302343312	
Tumor.318	2.0108522613	0.5077041388	235.9507035470	0.0001540211	0.5126120873	387.8582926339	0.0233711442	0.0493086871	
Tumor.319	0.4993053243	2.3633743378	182.3620982314	0.0000588992	2.5720556407	300.7808396994	0.0028624023	0.2055729141	
Tumor.320	0.8347204817	0.7855165449	995.4571043873	0.0000070819	6.2079714222	239.9408648207	0.0056296433	0.1050878771	
Tumor.321	1.1084280288	0.7752051153	981.9870131639	0.0000672803	0.2455879689	619.0394306864	0.0064348324	0.1762200188	
Tumor.322	0.7079512312	2.6316366234	484.4268681120	0.0000146714	2.4106247781	542.8291464775	0.0067656734	0.0845726241	
Tumor.323	0.6925761443	1.6787445581	375.0008321190	0.0000287186	1.2794231216	604.2495034902	0.0146215396	0.0781943582	
Tumor.324	0.7223113634	0.9789088705	1219.6297669316	0.0000157051	0.8642808131	741.7345640247	0.0103330630	0.1370027308	
Tumor.325	0.5602465459	1.4378365079	637.4252926873	0.0000173704	4.8292120793	127.1782964951	0.0140238037	0.1252316844	
Normal.33	3.5844572227	0.6798395429	146.1158998184	0.0001584474	0.4477545027	388.5209087223	0.0396138227	0.0415292605	
Tumor.326	1.3853751752	0.3456190507	327.5566876885	0.0000456622	2.1130865278	181.0053563839	0.0157033284	0.1219629588	
Tumor.327	0.9386748249	1.2496047223	293.7157235112	0.0000335782	2.8967179322	247.5134450740	0.0121521588	0.0948413718	
Tumor.328	0.4855535252	1.1314890756	986.0936841657	0.0000225332	1.4868527769	297.8781924714	0.0166596915	0.1333648316	
Tumor.329	0.7293256377	0.9300017307	865.2829689410	0.0000340645	0.7234455081	305.1945909694	0.0155887324	0.1577847424	
Tumor.330	0.6416052551	0.5029368338	1882.2507315194	0.0000208027	0.8852689029	667.1124826190	0.0069441043	0.1332787023	
Tumor.331	0.1045368349	3.6520336067	6044.6772513265	0.0000036886	0.5961892495	1025.5849629418	0.0087989377	0.0379579344	
Tumor.332	0.2392150137	2.5975261445	720.8475032484	0.0000173355	1.6892825366	801.7734504574	0.0043522324	0.1075357719	
Normal.34	0.5480333570	1.0392953596	279.1146546631	0.0000959134	3.7593218710	109.4856576790	0.0102660534	0.1023070135	
Tumor.333	0.8121916704	0.7513356921	394.7448072189	0.0000704642	1.7310612221	125.5141537989	0.0110959831	0.1525973593	
Tumor.334	0.6584926028	2.2479799998	313.2781287333	0.0001582883	0.3344720156	489.0647382624	0.0155517431	0.0703093480	
Tumor.335	1.2750492124	0.6128208244	361.7740227612	0.0000723527	1.4799992847	339.7404145357	0.0108884134	0.0962282872	
Tumor.336	3.2055864141	0.7022508630	1007.2295442809	0.0000675991	0.2188759624	366.2035953548	0.0214507009	0.0985912748	
Tumor.337	0.5858493938	2.4469431349	335.6607354261	0.0000437219	0.9754771599	292.3483762457	0.0266737519	0.1942551796	
Tumor.338	0.8982860767	0.4078588134	787.2861525153	0.0000856021	0.7170291577	278.6652531112	0.0127363000	0.1169134141	
Tumor.339	0.0597622588	4.3074536175	243.4513693013	0.0001225585	0.4693553525	282.3852891509	0.0139301757	0.0950694312	
Tumor.340	0.5814445397	0.8667124123	820.3468141491	0.0000371470	1.5654553431	330.9645925966	0.0087165413	0.1206953375	
Tumor.341	1.6963922522	0.5289730115	1126.2342981287	0.0000098796	3.1948950937	268.5150954796	0.0052046216	0.1921315707	
Tumor.342	2.1239708490	0.8455675845	484.6536175287	0.0000538542	0.7286039845	284.4324180457	0.0278762051	0.0796942688	
Tumor.343	0.5775681636	1.4685227831	15.4554617951	0.0007302707	0.3325876238	197.0677707945	0.0130386721	0.3419474112	
Normal.35	0.9127052918	0.6908687146	626.7718606605	0.0000407750	4.5131492074	92.1668738416	0.0103005857	0.0900970602	
Tumor.344	0.3813641967	1.4464956447	581.4343349234	0.0001351861	2.4386775089	149.0481836582	0.0040034051	0.1687635925	
Tumor.345	0.3089954031	0.7071374451	700.3990514854	0.0000394532	2.1189050816	424.1120689466	0.0032417940	0.1210790973	
Tumor.346	0.4433700909	1.0726438901	885.2726396148	0.0000250832	1.7903675663	207.5837661409	0.0147435251	0.1185049244	
Normal.36	2.2920580474	0.6844108681	195.8284698977	0.0001131252	1.3069540059	276.7564297382	0.0119690437	0.0917296726	
Tumor.347	2.4281823156	0.5847407591	332.6113248355	0.0001783788	0.3662249971	378.7619847676	0.0120677912	0.1773297516	
Normal.37	0.6032162233	0.7193948006	480.0145101225	0.0000198494	2.2956810767	859.4507342809	0.0021184028	0.1578396504	
Tumor.348	2.2698504026	0.5439582531	376.0378763285	0.0001110784	0.5855598717	306.2305899466	0.0179593665	0.0916667639	
Tumor.349	0.5988726492	0.8687988458	149.0280944942	0.0001782530	1.6182032598	197.4777830267	0.0179510371	0.0636227764	
Tumor.350	1.0000161800	0.5948034216	754.9932474912	0.0000372740	1.6504505196	218.6977482206	0.0117354379	0.1358716480	
Tumor.351	0.8441318819	1.3856790147	411.7247290921	0.0000490977	1.1699952521	381.6079938344	0.0129387246	0.1035449708	
Tumor.352	0.3221179075	1.5457775715	1186.5815180476	0.0000301543	0.6500318336	367.2930544260	0.0170940258	0.0441270290	
Tumor.353	1.2112492133	1.1500790672	416.7836675058	0.0000408959	1.1802692775	259.3900450494	0.0224449063	0.0625424282	
Tumor.354	2.4868566307	0.4076120682	1181.2880921289	0.0000326233	0.6620416911	384.8363928014	0.0072971482	0.1342348437	
Normal.38	0.8236407343	0.9843662442	513.2767048336	0.0000242386	2.3607514855	406.6185822942	0.0044538259	0.1508460229	
Tumor.355	0.5181028764	1.4940689416	958.6052920006	0.0000046854	0.8240368358	650.0239619359	0.0077403132	0.2884533736	
Tumor.356	0.2347788863	0.9876864881	620.7684174199	0.0000442146	1.1883481590	120.9370891434	0.0110975467	0.5017425089	
Tumor.357	0.8093525052	1.1905857015	509.7671783065	0.0000616415	0.2309860935	831.7248241015	0.0241232701	0.0440336384	
Tumor.358	1.3000344996	0.6424162819	377.8284744502	0.0000808020	1.5754147556	194.3875426788	0.0096928819	0.1235287377	
Tumor.359	0.3197372912	1.3582550765	2133.1690530154	0.0000071153	2.0333353465	665.2310325596	0.0028733956	0.2634901867	
Tumor.360	0.3276116156	4.8414969460	523.3133122539	0.0000476632	1.8632315077	145.0519241418	0.0041538309	0.2701494096	
Tumor.361	1.2045841628	1.1846453844	270.6280608284	0.0000436919	1.0470378804	556.6439668690	0.0134585947	0.0828509678	
Tumor.362	0.3670157855	2.5801872414	273.0740926451	0.0000545051	1.5230782378	195.2556154087	0.0158834024	0.0793236025	
Tumor.363	1.0990854663	0.7466590120	388.1611822820	0.0000487642	1.5101093041	288.7638467594	0.0128977159	0.1353606970	
Tumor.364	1.1386329479	1.1117559036	591.2352529069	0.0000344342	1.1914710897	492.7229036212	0.0105507888	0.0876589727	
Tumor.365	0.7080229676	1.1955582646	274.4078800559	0.0000694311	1.6341694947	122.0255156376	0.0428891836	0.0826774299	
Tumor.366	0.8642301483	0.7256004570	1842.9079769588	0.0000189300	0.8689749772	267.6254372970	0.0180838929	0.0559620654	
Tumor.367	0.4082192726	1.8557868122	420.0286638274	0.0000335930	3.3399994988	150.4871891955	0.0083395504	0.1068053796	
Tumor.368	0.2100510031	1.1589829758	390.0318437019	0.0000803371	0.7615833793	417.6691830776	0.0111893032	0.0551986474	
Tumor.369	0.3151611288	2.9341455496	549.7532109440	0.0000433362	0.9907929016	230.0177991957	0.0138418220	0.0657042617	
Tumor.370	1.3646533144	1.2738766101	94.8464052372	0.0001378993	1.8680620911	69.6548312379	0.0448071735	0.1075483177	
Normal.39	0.8564500426	1.0796225089	66.9633236919	0.0004417240	1.0036682381	275.3971763934	0.0098994369	0.0438189328	
Tumor.371	1.2122598334	0.9503896962	350.4661493187	0.0000423074	1.3057809467	278.8057435424	0.0278630278	0.0550087813	
Tumor.372	1.3989667538	0.2668667804	746.3842365927	0.0000516537	1.2375450235	239.6042954952	0.0084151692	0.1094716786	
Tumor.373	0.4433394184	1.4926409557	81.8719407583	0.0001528900	0.4324790119	601.9745151123	0.0115399648	0.3114408740	
Tumor.374	0.8520480765	0.7044397308	2265.1888122792	0.0000142883	1.3525106988	234.7605653727	0.0074487841	0.5031409065	
Tumor.375	1.1063684369	0.9656749920	516.9258870611	0.0000566807	0.7154892390	253.3882366055	0.0373315318	0.0464305071	
Tumor.376	0.2624792206	2.0061170160	202.7080921010	0.0000938506	2.3930090625	176.2640446217	0.0122739310	0.1435828913	
Tumor.377	0.4673273763	1.1222823779	74.9106435241	0.0003537761	1.6550196806	265.6097170120	0.0148748166	0.0201144303	
Tumor.378	0.7676672266	2.7613539967	1139.6531403200	0.0000076243	1.8582446522	418.5506199590	0.0109802408	0.0882984196	
Tumor.379	1.1178708710	1.0653554645	633.6293148837	0.0000304360	1.0022489754	298.8779558249	0.0347582772	0.0430285918	
Tumor.380	1.7883364693	0.9080633503	397.0568359780	0.0000519381	0.5773269945	483.6347134376	0.0113295958	0.1154017905	
Normal.40	3.7106656531	0.3890828390	146.0916836073	0.0002251244	0.6011863704	462.1246674259	0.0138766195	0.0630270881	
Tumor.381	0.7287860754	1.2185239638	905.2229283312	0.0000128592	1.9175352663	816.8224522680	0.0042631111	0.1873782854	
Tumor.382	1.3492080017	0.4420147207	683.7021234058	0.0000892009	0.7945296116	335.3368282031	0.0124784214	0.1108179295	
Tumor.383	0.9709147219	0.8726015666	160.9921342942	0.0001757312	0.4667393238	385.3243196451	0.0370627094	0.0301279734	
Tumor.384	0.8491279971	1.7356317923	258.8953997501	0.0000656784	1.0753216659	328.1723325046	0.0239456357	0.0615224747	
Tumor.385	3.9407563297	0.3841439308	279.0608892956	0.0001371061	0.5695567490	319.9377328868	0.0163451371	0.0841537164	
Tumor.386	0.1102570719	3.2933358128	237.5275482766	0.0000443356	3.9399963462	243.1965548325	0.0041942987	0.1791962756	
Tumor.387	0.8499922330	0.3189744813	1331.7857618311	0.0000143551	3.6785271972	156.4077472353	0.0242936854	0.0668386539	
Tumor.388	0.6133640522	0.9747297794	1224.3659444458	0.0000127502	1.9483397005	451.7819875996	0.0063858572	0.1232078409	
Tumor.389	0.4267524281	1.5386168877	400.6206603715	0.0000809078	3.1129685455	181.2131209148	0.0028520388	0.1740352455	
Tumor.390	1.8618839732	0.5545947616	574.9664242028	0.0000516776	1.1182186070	289.7236210534	0.0109074347	0.0869782004	
Normal.41	2.0668429637	0.2209854843	597.5093541083	0.0000617311	3.3472839751	164.8887021212	0.0045755024	0.2745007901	
Tumor.391	1.3082054739	0.6106169767	399.3982328187	0.0000993778	0.8710245271	276.3019131351	0.0081364672	0.1000220664	
Tumor.392	1.0798474336	1.3373718039	479.3294293464	0.0000238785	1.2737622294	445.0095402269	0.0153169726	0.1201106439	
Normal.42	3.4537727992	0.3541086013	270.2174739909	0.0000915659	0.4651091851	346.5988399876	0.0226334522	0.1034857589	
Tumor.393	0.7989344507	0.8932637638	2373.3721171233	0.0000067635	1.3686482464	559.2171026509	0.0111863946	0.0936689977	
Tumor.394	1.9447501856	0.4202405020	355.2797111601	0.0000494455	1.1858686611	326.7555501533	0.0164894344	0.1292557652	
Tumor.395	1.2082311575	0.8444499288	208.6443618281	0.0001407563	0.7888322278	386.3820665743	0.0129686413	0.0684810442	
Tumor.396	0.3470839388	3.1052651910	402.8931733320	0.0000253119	0.9193332517	506.1920750240	0.0135312384	0.0782762921	
Tumor.397	0.4031277775	0.9218296553	637.5044386857	0.0000191782	24.8272010569	90.5446286802	0.0015871615	0.2482021804	
Tumor.398	1.0346220458	0.9460924308	860.3074235272	0.0000394416	0.6907672553	247.3028986845	0.0221559552	0.0901045380	
Tumor.399	1.3392327632	1.5127803733	1050.2612340951	0.0000205280	0.9211135216	306.4692602021	0.0275187818	0.0371163143	
Tumor.400	0.3584183439	1.6186335340	434.2144678171	0.0000401721	3.1405297646	183.1500496645	0.0131136888	0.0937759418	
Normal.43	2.2961698408	0.4763969041	100.9654772795	0.0001500605	0.2741405003	393.2445494115	0.0447385914	0.0698449935	
Tumor.401	0.5153584537	1.3547681360	678.7060584665	0.0000369062	1.5048990410	175.0377614733	0.0156322804	0.0940982543	
Tumor.402	0.5089211854	1.1049224626	791.8622852677	0.0000707806	0.3777065530	754.4029836059	0.0053788960	0.2666223851	
Tumor.403	0.4074967147	1.7590043382	603.9329953830	0.0000293864	2.5635471816	199.5420547637	0.0067413761	0.0918899187	
Tumor.404	0.4383143365	2.1418167849	377.0476219159	0.0000606686	1.8784722518	116.8073976274	0.0226505608	0.0705863500	
Tumor.405	1.7825034405	0.7103257532	341.0358179841	0.0000893557	0.5241815364	404.2823201873	0.0197378323	0.0758213518	
Tumor.406	0.5665770503	1.6134550366	898.4001063367	0.0000190685	2.4385457942	179.4110790552	0.0234034014	0.1001321732	
Tumor.407	0.4597064244	2.1408792197	468.9693980460	0.0000175110	2.7867987697	180.7850267579	0.0094067851	0.3400949100	
Tumor.408	0.4366260508	1.3352097607	1021.8065492218	0.0000194882	1.4730405384	227.9011560728	0.0079691843	0.1562260487	
Normal.44	1.2876643279	0.1017645977	1047.1756974909	0.0000477491	2.6425457955	153.8811220308	0.0075876514	0.2614780529	
Tumor.409	0.3956404070	4.2758193857	36.6142893811	0.0001834568	1.5038836969	729.1390790830	0.0042179470	0.1439839111	
Tumor.410	0.8061646098	0.9900091499	150.8094608425	0.0002914465	0.7048144353	284.5647558500	0.0165673842	0.0693132458	
Tumor.411	0.4922706171	2.1864383426	421.2528248945	0.0000247260	1.6992398394	247.3852164012	0.0278726031	0.0509371638	
Normal.45	2.2092743511	1.0656783726	165.6624862647	0.0001323903	0.5907146965	355.1687363525	0.0187573418	0.0275618330	
Tumor.412	0.3681000025	1.8260726421	1046.1869034503	0.0000159009	1.9340515645	384.5836912875	0.0091388028	0.3339564995	
Normal.46	3.2518553610	0.5534660459	167.1595425399	0.0001696650	0.5685618465	301.3607356693	0.0192334597	0.0683321310	
Tumor.413	0.4910541956	0.9612460499	1073.1966523055	0.0000152600	1.6740669406	597.2784032642	0.0052524327	0.1505846331	
Tumor.414	1.4544242558	0.6807956022	799.4536179398	0.0000234173	1.2556761233	430.5774202062	0.0127871906	0.0965420168	
Tumor.415	1.7495122449	0.3897691923	1186.5843673014	0.0000511731	0.4518426360	299.2749871050	0.0152473979	0.1243156943	
Tumor.416	0.9244284574	0.5924079841	612.4435676548	0.0000476341	1.4078634508	319.3896067226	0.0019418969	0.5439909373	
Tumor.417	0.7425563451	1.4977323377	482.3454616949	0.0000235138	2.2852130545	345.4130171486	0.0071631361	0.0817024217	
Tumor.418	1.8385340379	0.3644045541	576.1302626122	0.0000651405	1.1993368733	275.1205794335	0.0123077622	0.0980279465	
Tumor.419	0.3538432301	2.0261230869	322.7021116865	0.0000622931	1.5243397403	428.0363629399	0.0074716770	0.0466740163	
Tumor.420	0.9092627705	1.1303410953	600.0832243861	0.0000627914	0.6145286180	285.0961327066	0.0123817150	0.1659760664	
Tumor.421	1.3352889795	0.6642052455	233.7419005884	0.0001635841	0.9377884681	300.3960485949	0.0080227013	0.0870626754	
Tumor.422	1.0280057692	1.4107737774	925.8107460679	0.0000209769	0.7184618990	590.3281565134	0.0133722091	0.1036221290	
Tumor.423	0.8808806951	1.4472454141	274.4280552832	0.0000813916	0.5352975707	366.2668089121	0.0231013968	0.0699368718	
Tumor.424	0.2526675241	1.6123974314	647.6668611633	0.0000383774	0.7452344078	252.5000774714	0.0079524563	0.4995119578	
Tumor.425	0.6967680986	1.6585813297	262.3218827884	0.0001347615	0.5885098009	331.5385398004	0.0056103750	0.1694490670	
Tumor.426	0.6576857877	1.3309194065	971.0676116520	0.0000163155	2.3624106550	219.2230083563	0.0188194428	0.0624968541	
Tumor.427	2.3775974726	0.6785415943	230.7136340858	0.0000957659	0.5902241358	349.2375361818	0.0157685839	0.0786319255	
Tumor.428	0.6780326300	1.0870918099	1148.5225185795	0.0000290499	0.7555084928	407.0256039177	0.0079896304	0.1147303903	
Normal.47	1.2670469828	1.0431112499	164.0451707938	0.0001122435	0.8255507942	201.4778660657	0.0141215204	0.1064722273	
Tumor.429	0.4052114718	1.2056924135	2151.3164708727	0.0000078157	2.8337757324	284.3731070872	0.0114095764	0.0781055977	
Tumor.430	2.5221505813	0.7858076077	541.2039877361	0.0000394639	0.8555900024	1073.9106780738	0.0049889729	0.0719003854	
Tumor.431	0.9146034514	0.7290621427	421.0272519716	0.0000865700	0.9106514765	151.1807278249	0.0165117821	0.0829143887	
Tumor.432	1.4164541393	0.3132230966	543.5240545195	0.0001047791	1.6941322325	388.0806264132	0.0030039434	0.1657727985	
Tumor.433	0.2608889713	1.6430987480	1096.5045404336	0.0000378039	1.5598640681	113.0494579942	0.0225251608	0.0256963620	
Tumor.434	1.2215907926	0.6421180792	492.8781296297	0.0000568220	1.5620848356	225.0374820681	0.0130826377	0.1180434703	
Tumor.435	3.1952161716	1.1662995907	192.3185539022	0.0002031390	0.1724858775	3713.9124275954	0.0011165986	0.2089751597	
Tumor.436	0.4707197804	1.5160545832	488.9712819537	0.0000279007	2.5066142263	244.4425041235	0.0072746912	0.1140283393	
Tumor.437	1.3066343712	0.6727175918	79.3694395135	0.0005260121	1.4177764903	234.7439778553	0.0058829055	0.0530778640	
Normal.48	3.2895196368	0.3928720738	489.2115765033	0.0000652257	0.8832986986	275.0875574134	0.0175363039	0.0801780116	
Tumor.438	0.0821232626	3.5907442016	390.3758495757	0.0000324670	3.7906557942	183.8887415886	0.0095040270	0.0427655419	
Tumor.439	0.2774657168	0.9540946952	1704.1373099637	0.0000693085	0.2295689368	562.0212348201	0.0134148283	0.0505241539	
Tumor.440	0.4386286891	1.3325287603	149.3841408498	0.0000754652	1.0317503375	782.1058237606	0.0078033275	0.0884915060	
Tumor.441	0.4006454271	3.3339812366	284.0316842539	0.0000264583	3.4788166206	415.8922567547	0.0019847575	0.1795718784	
Tumor.442	1.0929658823	1.0495876358	837.6811587699	0.0000159781	0.8701412034	764.9156207710	0.0105312137	0.0967448273	
Tumor.443	0.3157046008	3.6722241792	403.7173040794	0.0000536675	2.2919527597	71.7362640535	0.0161653341	0.1555717053	
Tumor.444	1.2962374839	0.6131335532	315.3932429670	0.0000834091	1.2756669312	328.6567932962	0.0115049783	0.0887083887	
Normal.49	0.8125758563	0.5301276349	1260.4223412018	0.0000270722	1.9500113307	178.1141645413	0.0111582552	0.1257200954	
Tumor.445	0.4112495937	1.7179589332	676.9737329997	0.0000217466	1.5801418017	249.7092408548	0.0188385706	0.1300764845	
Tumor.446	1.2921988261	0.9897419834	735.2036465300	0.0000288135	0.8977721394	388.0596982835	0.0182624727	0.0781947270	
Tumor.447	1.4015095896	1.0833635702	400.2867763164	0.0000345845	1.5050809681	172.1041626455	0.0189565760	0.0589476778	
Tumor.448	0.4264837863	1.4839283880	60.3825315457	0.0001874883	0.5607107863	482.5676405502	0.0535091357	0.0353159150	
Tumor.449	0.0583003995	3.0516750570	727.2668377469	0.0000206009	2.0717878002	430.7773827399	0.0061333838	0.0853704711	
Tumor.450	0.4872465983	1.1211873512	446.3717161304	0.0000523340	2.4995905549	306.0443705455	0.0042771207	0.0991525450	
Tumor.451	0.1517915079	1.5065247193	752.2668378231	0.0000204138	2.3353810636	648.0544415208	0.0020964928	0.0926534880	
Tumor.452	0.4692875098	1.8170435148	964.1711733870	0.0000395836	1.6081426931	295.6939724292	0.0037478829	0.1306886086	
Tumor.453	1.3820526590	0.7171432142	475.2226761691	0.0000939509	1.2299840420	106.2347413920	0.0449016732	0.0798631056	
Tumor.454	0.4110277032	2.0296792084	1032.6421340287	0.0000273210	0.3901309745	334.4469784838	0.0532415534	0.0189131669	
Tumor.455	0.8372735906	1.4779911020	300.3771645131	0.0000941169	0.6565787600	177.4347610280	0.0282396084	0.1013179060	
Tumor.456	1.3534986923	1.2070672565	508.8607392164	0.0000787185	0.5178342431	201.0103558412	0.0195971584	0.1738974679	
Tumor.457	1.8404103267	0.4942747370	349.4350685490	0.0001440595	0.7407914918	278.3085535935	0.0159906240	0.1027913297	
Tumor.458	0.9556228490	1.1901998557	972.8245825839	0.0000222974	0.8532680508	500.9480169592	0.0163008034	0.1040108833	
Tumor.459	0.5454282461	0.8669561428	817.1152669036	0.0000296045	1.1007545267	606.5369507185	0.0022890624	0.2717451187	
Tumor.460	1.6962802791	0.8179082641	648.2612519130	0.0000444504	0.9450858323	241.2778687180	0.0354037164	0.0467678730	
Tumor.461	0.9803001423	1.0059278335	460.4180510102	0.0000433095	1.1861849466	377.5738370419	0.0092994969	0.0901792589	
Tumor.462	1.3265218520	1.3516124215	313.5109914811	0.0001110248	0.2775551843	236.2391338855	0.0176286915	0.3218167853	
Tumor.463	1.3495893190	0.8950346490	610.8445204545	0.0000648106	0.6212134633	487.1489956375	0.0155016245	0.1031818986	
Tumor.464	0.2689614218	3.6677996465	537.9107414583	0.0000816212	4.3831087473	141.2071820223	0.0019589821	0.1658631447	
Tumor.465	0.1343307764	5.8004025410	215.4433992504	0.0000449132	2.8459198939	21.2850487865	0.1649259424	0.0372287939	
Tumor.466	0.5073936656	0.5368537052	261.6898515815	0.0001848995	0.7030416723	874.2072542938	0.0045152890	0.0868572363	
Tumor.467	0.3010343959	1.0142947286	1256.7111088431	0.0000125108	2.0084451744	758.6197663713	0.0044726908	0.1876821092	
Tumor.468	0.9799067561	1.4727049621	291.6561153060	0.0000349448	0.7485722351	799.2161477808	0.0080693646	0.1453027572	
Tumor.469	3.8800841535	1.1789049664	1192.0481537358	0.0000507432	0.1703105300	249.3098115149	0.0330012941	0.1112993952	
Tumor.470	1.4316510713	0.5937010537	391.9133447270	0.0000650761	0.9550477929	211.5637527329	0.0220892383	0.0844063513	
Tumor.471	1.0884908625	0.8452278457	519.0298856632	0.0000655450	0.9722637259	342.3684363926	0.0065821869	0.1282425284	
Tumor.472	1.6616403668	0.9727960204	82.4023706435	0.0002415898	0.6557812763	432.9280607913	0.0154526037	0.0406211356	
Tumor.473	0.3929607535	2.0752092566	277.1982152003	0.0000955400	1.5530544748	149.6881108299	0.0127220384	0.0738870483	
Tumor.474	0.5745861614	0.8517870054	304.8447387528	0.0000810918	1.0677513531	366.8916197187	0.0125626601	0.1668449044	
Tumor.475	0.9970773964	1.3129289392	1443.1598249990	0.0000124566	1.2471185760	504.1097885566	0.0106571890	0.1582351329	
Tumor.476	0.5547478821	1.2212762560	1306.3238378837	0.0000037551	3.2795975326	1028.9049692158	0.0042935387	0.1202967153	
Tumor.477	0.8418346442	1.2333292610	2101.5568573999	0.0000057702	1.3396623093	637.6382063424	0.0143432356	0.0539791795	
Tumor.478	1.2171444782	0.6960532103	1252.0446059187	0.0000209003	0.7059739528	675.1876579993	0.0096111123	0.0915378294	
Tumor.479	0.6156191587	1.6850247709	562.4863160836	0.0000456651	1.6224261542	140.6270767487	0.0195045786	0.0908399782	
Tumor.480	0.7664044291	0.9083266817	41.2157165837	0.0002716974	0.3921599619	483.2396505337	0.0185013864	0.2656896730	
Tumor.481	0.6291414403	0.7784743225	368.3584840249	0.0000793146	1.6882602618	363.6638025428	0.0076003874	0.0983491054	
Normal.50	4.1302968603	0.6593568747	213.4272502775	0.0001102440	0.3496349362	321.8164787321	0.0757531848	0.0302732227	
Tumor.482	1.0109463322	1.8942502726	1232.5434143385	0.0000122197	1.4196293820	432.7462246679	0.0110937730	0.0738642086	
Tumor.483	0.9493995853	0.6223756445	2571.7950855121	0.0000107207	0.9860417136	484.9875837796	0.0120190953	0.1183995891	
Tumor.484	0.8895249218	1.3370115514	793.0294935415	0.0000271156	0.9638310123	254.3962103847	0.0230464708	0.0872584310	
Tumor.485	0.2206677527	3.8275561133	584.0916845030	0.0000364336	1.7164056125	186.9473796851	0.0175848351	0.0307550003	
Tumor.486	1.7327623457	0.7774504203	175.0586949584	0.0001565178	1.1699460147	290.5892726000	0.0125878844	0.0706000448	
Tumor.487	0.4678392582	1.9377476380	307.4171715820	0.0000358712	2.8441660119	355.5052035251	0.0083051087	0.1211735452	
Tumor.488	0.1831003849	3.5117786803	352.3357635263	0.0000296741	1.7770789121	425.2981594229	0.0068701299	0.0966590555	
Tumor.489	0.1591272512	3.0452537147	421.9648264925	0.0000184889	3.1225315426	261.3756519585	0.0031537688	0.1113959863	
Tumor.490	1.6493557642	0.4605902666	718.2499834841	0.0000455614	0.5706052371	256.2067657211	0.0189530294	0.1047025409	
Tumor.491	0.8679214205	1.5531100151	1212.5540458302	0.0000065375	2.4689482029	475.4703488734	0.0104285576	0.0917713927	
Tumor.492	0.9772016852	0.9243296694	733.2466209533	0.0000329933	1.2080242802	425.9831323114	0.0101722241	0.0793419800	
Tumor.493	1.2441617281	1.0150032208	287.8776121642	0.0000662150	1.3535996626	204.6384027528	0.0234254574	0.0905144494	
Tumor.494	0.8652302610	2.4187556601	832.1981899215	0.0000197831	0.3641276197	124.0421584822	0.1409914149	0.2064132241	
Tumor.495	0.8739868152	1.1380630584	530.8242508831	0.0000559227	1.1767566718	216.0757496904	0.0243684316	0.0792882970	
Normal.51	3.4466724995	0.2225992451	382.2350719861	0.0000669947	0.5446137403	275.5412327342	0.0326617125	0.0847196332	
Tumor.496	1.3401926574	0.5537782383	521.7156526409	0.0000443029	1.0492504910	326.6006426443	0.0081608194	0.1184567515	
Tumor.497	0.7859954337	1.8532694869	557.3735296048	0.0000133645	2.4643784011	337.9069351264	0.0051621177	0.1565647011	
Tumor.498	1.7068076818	0.7314522439	913.9423306209	0.0000327268	1.5949135742	201.9395628438	0.0130205681	0.1027223917	
Tumor.499	0.1763384274	0.9291524833	3023.5582824303	0.0000076677	2.0812546869	150.9298686077	0.0103113782	0.2291055549	
Tumor.500	0.8208147630	0.6426701256	1078.7325236233	0.0000318621	0.7865366868	440.6087621539	0.0088957806	0.0856934006	
Tumor.501	0.1892040160	2.2659681277	317.9343515952	0.0000240791	6.1036452648	202.3926765338	0.0042359109	0.1781399529	
